-- phpMyAdmin SQL Dump
-- version 5.1.1
-- https://www.phpmyadmin.net/
--
-- Host: 127.0.0.1
-- Generation Time: Jan 13, 2022 at 08:44 AM
-- Server version: 10.4.22-MariaDB
-- PHP Version: 7.3.33

SET SQL_MODE = "NO_AUTO_VALUE_ON_ZERO";
START TRANSACTION;
SET time_zone = "+00:00";


/*!40101 SET @OLD_CHARACTER_SET_CLIENT=@@CHARACTER_SET_CLIENT */;
/*!40101 SET @OLD_CHARACTER_SET_RESULTS=@@CHARACTER_SET_RESULTS */;
/*!40101 SET @OLD_COLLATION_CONNECTION=@@COLLATION_CONNECTION */;
/*!40101 SET NAMES utf8mb4 */;

--
-- Database: `e_commerce`
--

-- --------------------------------------------------------

--
-- Table structure for table `category`
--

CREATE TABLE `category` (
  `category_id` bigint(20) UNSIGNED NOT NULL,
  `category_name` varchar(100) DEFAULT NULL
) ENGINE=InnoDB DEFAULT CHARSET=utf8mb4;

--
-- Dumping data for table `category`
--

INSERT INTO `category` (`category_id`, `category_name`) VALUES
(1, 'rice'),
(2, 'snacks'),
(3, 'fruit'),
(4, 'oil'),
(5, 'meat'),
(6, 'bread');

-- --------------------------------------------------------

--
-- Table structure for table `coupon`
--

CREATE TABLE `coupon` (
  `coupon_id` int(11) NOT NULL,
  `product_id` int(11) DEFAULT NULL,
  `amount` float DEFAULT NULL,
  `discount` float DEFAULT NULL
) ENGINE=InnoDB DEFAULT CHARSET=utf8mb4;

--
-- Dumping data for table `coupon`
--

INSERT INTO `coupon` (`coupon_id`, `product_id`, `amount`, `discount`) VALUES
(1, 1, 500, 10),
(2, 1, 1000, 15),
(3, 2, 500, 5),
(4, 2, 1000, 10);

-- --------------------------------------------------------

--
-- Table structure for table `customer`
--

CREATE TABLE `customer` (
  `customer_id` bigint(20) NOT NULL,
  `customer_name` varchar(50) DEFAULT NULL,
  `status` varchar(20) DEFAULT NULL
) ENGINE=InnoDB DEFAULT CHARSET=utf8mb4;

--
-- Dumping data for table `customer`
--

INSERT INTO `customer` (`customer_id`, `customer_name`, `status`) VALUES
(1, 'roopa', 'inactive'),
(2, 'kavya', 'active'),
(3, 'bindu', 'active'),
(4, 'bindu', 'active'),
(5, 'bindu', 'active');

-- --------------------------------------------------------

--
-- Table structure for table `customer_address`
--

CREATE TABLE `customer_address` (
  `address_id` bigint(20) NOT NULL,
  `customer_id_fk` bigint(20) DEFAULT NULL,
  `address1` varchar(100) DEFAULT NULL,
  `address2` varchar(100) DEFAULT NULL,
  `street` varchar(50) DEFAULT NULL,
  `city` varchar(50) DEFAULT NULL,
  `state` varchar(40) DEFAULT NULL,
  `pincode` bigint(15) DEFAULT NULL
) ENGINE=InnoDB DEFAULT CHARSET=utf8mb4;

--
-- Dumping data for table `customer_address`
--

INSERT INTO `customer_address` (`address_id`, `customer_id_fk`, `address1`, `address2`, `street`, `city`, `state`, `pincode`) VALUES
(1, 1, '#566', '#777a', 'k tstreet', 'mysore', 'karnataka', 560021),
(2, 2, 'asdf', 'sdf', 'sdf', 'sdf', 'sdsdf', 570021),
(3, 3, 'bdj', 'ndjd', 'k t ssdd', 'sdhjsd', 'djdjdjd', 570027),
(4, 4, 'sdsd', 'asdf', 'kt dsds', 'khshs', 'ksnss', 570028);

-- --------------------------------------------------------

--
-- Table structure for table `customer_details`
--

CREATE TABLE `customer_details` (
  `customer_id_fk` bigint(20) NOT NULL,
  `first_name` varchar(255) DEFAULT NULL,
  `last_name` varchar(255) DEFAULT NULL,
  `user_name` varchar(255) DEFAULT NULL,
  `password` varchar(255) DEFAULT NULL,
  `phone` bigint(15) DEFAULT NULL
) ENGINE=InnoDB DEFAULT CHARSET=utf8mb4;

--
-- Dumping data for table `customer_details`
--

INSERT INTO `customer_details` (`customer_id_fk`, `first_name`, `last_name`, `user_name`, `password`, `phone`) VALUES
(1, 'roopa s', 'shri', 'roopas', 'roopa1234', 8879655543),
(2, 'kavya', 'shree', 'kavya', 'kavya123', 8876543276);

-- --------------------------------------------------------

--
-- Table structure for table `customer_order`
--

CREATE TABLE `customer_order` (
  `order_id` bigint(20) NOT NULL,
  `customer_id` int(11) DEFAULT NULL
) ENGINE=InnoDB DEFAULT CHARSET=utf8mb4;

--
-- Dumping data for table `customer_order`
--

INSERT INTO `customer_order` (`order_id`, `customer_id`) VALUES
(1, 1);

-- --------------------------------------------------------

--
-- Table structure for table `employee`
--

CREATE TABLE `employee` (
  `emp_id` bigint(20) NOT NULL,
  `role_id_pk_fk` bigint(20) UNSIGNED DEFAULT NULL,
  `first_name` varchar(255) DEFAULT NULL,
  `last_name` varchar(255) DEFAULT NULL,
  `loging_username` varchar(255) DEFAULT NULL,
  `login_password` varchar(255) DEFAULT NULL
) ENGINE=InnoDB DEFAULT CHARSET=utf8mb4;

--
-- Dumping data for table `employee`
--

INSERT INTO `employee` (`emp_id`, `role_id_pk_fk`, `first_name`, `last_name`, `loging_username`, `login_password`) VALUES
(1, 10003, 'harish', 'kumar', 'harish', 'harish123'),
(2, NULL, 'rahul', 'arora', 'rahul', 'rahul123'),
(3, NULL, 'ganesh', 'acharaya', 'ganesh', 'ganesh123'),
(4, NULL, 'rahul', 'arora', 'rahul', 'rahul123'),
(5, NULL, 'rahul', 'arora', 'rahul', 'rahul123');

-- --------------------------------------------------------

--
-- Table structure for table `order_details`
--

CREATE TABLE `order_details` (
  `order_details_id` bigint(20) NOT NULL,
  `order_id` bigint(20) NOT NULL,
  `product_id` bigint(20) NOT NULL,
  `coupon_id` bigint(20) NOT NULL,
  `quantity` int(11) DEFAULT NULL,
  `payment_id` bigint(20) DEFAULT NULL,
  `shippingaddress` varchar(255) DEFAULT NULL,
  `shippingmethod_id` bigint(20) NOT NULL
) ENGINE=InnoDB DEFAULT CHARSET=utf8mb4;

--
-- Dumping data for table `order_details`
--

INSERT INTO `order_details` (`order_details_id`, `order_id`, `product_id`, `coupon_id`, `quantity`, `payment_id`, `shippingaddress`, `shippingmethod_id`) VALUES
(1, 1, 1, 1, 1, 1, '#334', 0);

-- --------------------------------------------------------

--
-- Table structure for table `payment`
--

CREATE TABLE `payment` (
  `payment_id` bigint(20) NOT NULL,
  `payment_method` varchar(100) DEFAULT NULL
) ENGINE=InnoDB DEFAULT CHARSET=utf8mb4;

--
-- Dumping data for table `payment`
--

INSERT INTO `payment` (`payment_id`, `payment_method`) VALUES
(0, 'cash on delivery'),
(1, 'cash on delivery'),
(2, 'Paytm');

-- --------------------------------------------------------

--
-- Table structure for table `product`
--

CREATE TABLE `product` (
  `product_id` bigint(20) NOT NULL,
  `product_name` varchar(100) DEFAULT NULL,
  `price` float DEFAULT NULL,
  `quantity` int(11) DEFAULT NULL,
  `weight` varchar(20) DEFAULT NULL,
  `status` varchar(20) DEFAULT NULL
) ENGINE=InnoDB DEFAULT CHARSET=utf8mb4;

--
-- Dumping data for table `product`
--

INSERT INTO `product` (`product_id`, `product_name`, `price`, `quantity`, `weight`, `status`) VALUES
(1, 'Tusha Rice', 55, 1, '1 kg', 'inactive'),
(2, 'boiled rice', 45, 10, '1 kg', 'active'),
(3, 'Tusha Rice', 55, 1, '5 kg', 'active'),
(4, 'Tusha Rice', 55, 1, '5 kg', 'active'),
(5, 'geera rice', 60, 20, '1kg', 'active'),
(6, 'Basmati rice', 80, 20, '1kg', 'active');

-- --------------------------------------------------------

--
-- Table structure for table `product_attributes_assoc`
--

CREATE TABLE `product_attributes_assoc` (
  `product_id_fk` bigint(20) DEFAULT NULL,
  `brand` varchar(100) DEFAULT NULL,
  `manufacture_date` date DEFAULT NULL,
  `expire_date` date DEFAULT NULL
) ENGINE=InnoDB DEFAULT CHARSET=utf8mb4;

--
-- Dumping data for table `product_attributes_assoc`
--

INSERT INTO `product_attributes_assoc` (`product_id_fk`, `brand`, `manufacture_date`, `expire_date`) VALUES
(2, 'BVK', '2021-02-02', '2022-01-01'),
(1, 'Tanddul', '2020-10-10', '2021-04-04'),
(3, 'Tanddul', '2020-10-10', '2021-04-04'),
(5, 'India gate', '2021-12-12', '2023-01-01');

-- --------------------------------------------------------

--
-- Table structure for table `product_category`
--

CREATE TABLE `product_category` (
  `product_id` bigint(20) DEFAULT NULL,
  `category_id` bigint(20) DEFAULT NULL
) ENGINE=InnoDB DEFAULT CHARSET=utf8mb4;

--
-- Dumping data for table `product_category`
--

INSERT INTO `product_category` (`product_id`, `category_id`) VALUES
(1, 1),
(2, 1),
(5, 1),
(4, 1);

-- --------------------------------------------------------

--
-- Table structure for table `product_image`
--

CREATE TABLE `product_image` (
  `product_id` bigint(20) NOT NULL,
  `productimage` blob DEFAULT NULL
) ENGINE=InnoDB DEFAULT CHARSET=utf8mb4;

--
-- Dumping data for table `product_image`
--

INSERT INTO `product_image` (`product_id`, `productimage`) VALUES
(1, 0x89504e470d0a1a0a0000000d4948445200000185000001e80806000000a649f3cc000000017352474200aece1ce90000000467414d410000b18f0bfc6105000000097048597300000ec300000ec301c76fa8640000ffa549444154785eecbd05989cc795f5af38ecc489d9626946c3cccccccc9a11b364996296c51a69187b1835a2611499edd06e7077936c60bd614e360eda71e8fccfa9ee91956c16bec8d96fff5fba9ee73ef542bd6fb7da9efbab53b7ead612d88bbdd88bbdd88bbdd88a1d0af6622ff6622ff672add8a1602ff6622ff6622fd78a1d0af6622ff6622ff672add8a1602ff6622ff6622fd78a1d0af6622ff6622ff672add8a1602ff6622ff6622fd78a1d0af6622ff6622ff672add8a1602ff6622ff6622fd78a1d0af6622ff6622ff672add8a1602ff6622ff6622fd78a1d0af6622ff6622ff672add8a1602ff6622ff6622fd78a1d0af6622ff6622ff672add8a1602ff6622ff6622fd78a1d0af6622ff6622ff672add8a1602ff6622ff6622fd78a1d0af6622ff6622ff672add8a1602ff6622ff6622fd78a1d0af6622ff6622ff672add8a1602ff6622ff6622fd78a1d0a3758fef9d273688d28c6c5bdd5f844eb397c746c069fbafc1cbefdc57fc10fbefcaff8d197be8a9f7de3bbf8dd2f5fb73d612ff6622ff6f2bfb7d8a1708365fe601d8eae8a44834f2e1ad6a5e0a4670adafd72d1195080f6f01274c457a23375134e17df8b8527ea3171a00e0b351df8c2e517f1f58f7c1a5fbbf832bef3dc27f0ea97be06fcf2d7f8cd6bafe337bf7ec3f6767bb1177bb197ffd96287c20d94377ef52b3ce61d8b1a6f8220a20cddc1a5e8082b447b58115a820bd0c6ba8d6068092dc229ff6c543bc6a3cd250d3dbef968764e439d6b2ada428ad09fb61583793b31406b4fdf88eee2dd98b8ff083e6619c16746a6f109cb19fcf3f9057cf385bfc7cffee5ebf8e937bf8b57bfff43fcf4c7ff863ffcfef7b66f632ff6622ff672e3c50e851b28bffaf6f7b1f30e17348466a235b2044d11c50442212c060cb4f0428281e7bcde15558aae9872b44516a131240fcdac3b52aad095b51996944a3e9b8f6adf1434f967a2232007ed1e69687688c729875874c495a33ba912758159a8a7d50567a325ba18fd995b30b5f720a6ef3f8af1dd0770f1e1930620af5c7a113ffc877fc657fffe33f8c70f7f0c3fface77f1ebd75ec31bbffc157efdeacff1fb5fffc6f62fb0177bb1177bf9e36287c20d94cf8e4e61f73bef41676801ba428bd1145e8c96b0022a833cd6f9c69a698d3c6f0c2308a28ad01a570a4b7c397a132bd197b01e1682a335201b96c01c7484e41b6b2734daf84c3b9f6de3716754b169dbae360486252817edfe5968f5c940bd73025abcd2d02d00f9111aee4938e1128dc3ab4350ef91847ec2a72724177d9185184cdd887379bb30bde9115c7ce8043ed6d0877f1818c7e5a61e7c7cea12bef6e97fc28fbef16dfcfc7b3fc40f3ef379fcec95afe3d73ffc317effabd7813ffcc1fa8fb6177bb197ffa78b1d0a37503e3e3181b2254bd01a5e8ab68852748669f8a888202840139db9814328c160ab1b83058b220c246fa0b22864af3f1b6d4179b010048b109059786c61fb0e9a00d1ceb63d0915b67b5633c0b0b56fb73ddb4900740b02a1d9e80cca421b55477b602681918f7e298bc4327ecf1cd47a25a2c63d0e27d645e0c4da7058bc533018467084e7a289d7dbbd92d1159987fef8129c4eabc478f93eccef7b0ae7f73e8ef3f73f85670591a1517ceda5bfc3d7ffee33f8f2c273f8d2f8157c65ea197cfac21cfef5858fe3a7fffcaff8e167bf80df7cffdff0fb9ffc1cbf7bfd0da3567ef3c61be48b1d30f6622fff5b8b1d0a37505e3e3d82ca2537d1e917a13daa0c9d11b4a852b41310ad540f8b5068a3d36fa535871016a185b04497a025bcc0c042f7da6d505834e3e8af73f8ad6cdb457561616d11246cf716016131ed687c8fda74c568a8aa189dd18518485a8fc1a40a744517a0353803edb40e4263d1ba42b20810812317bd31542dbe2968f34d458b4f0aea3ce371d22d0aa79ca370d2211cadaef1e8704d44f3da28b4af0c45eb3d01a8bfd31f4d2e3168f14fa5cac9425f0ca1479858c2a86442f879913904600efa0997c18c0d1829de8e85070fe113dd23f8486d073e72bc155f9bbc849f7df915fce4873fb4fdb2f6622ff6f27fabd8a17003e54a7d1376bf7f291ae4d823e98423cad11d5d81ce9832030601a145434172d6c6f1175245149ab882150abc4fd3fdff180a6a93878ed852582208943f07059b495968b849efed8e2bc3606a15d5830d062199044036ba69aaaf078385e79de179e88d2d82253003dd0119e8f44f271c08089f04b4fa241212893c4f32d6e29d807a0fc2c2250c279dc3d0e019838e20b60d49a5ca8843c3ca20d4aef043e3ea40d4aef4c7c9a53e68758942b35b34aa57f8e2e43d5e38fe0127b43884c2e2118f7ae7709c5a13c4cf4cc1c2d647f0af1ffb24fef0dbdfd97e657bb1177bf99f2c7628dc40f9f8e030b6bdf72e4241bdf94274100a3d7155e84da0338e2e479b620c04418ba0416bd531ed1a14e8d80d388c59879b5a6dd61e96671480ac55750c7bdfff0514ac5680b6e03c02aa083d54246dc182400e7a580b088b50e85c844218a1a03a9c20612fbf9daaa12730139d0483858aa1cb3b0516ef24b40b0c8441b32f2111480004a6a1c927091d81e9e80bcb4117eb3ad768d4ae0b4703add189b62e8c168ebab572fe0968f74c402d41d0e0280b412deda4138fa942dad684a36559108edee181436bfc3196bb01dffbe8a7ec434df6622fffc3c50e851b28ff383a86cdefba0d350159c6d1b78597a23b7e23fa933719387444110c6125ecb94b21c8e95ba12020c89ae8d805863f8683d534dcd44e072f47dfc267dba2d98b5f8402af1928d8ec1a2464bc6721143435b68bea45c34f9d3cefa6090e9d344be8754687ae5a10ea8a2e2644b20c103a682d016968a4f36ff44f260c92d1e24b3078c6a1d5230e16bf0cc2a0005dfe196876656fdf894ac025164dce3168708a241464110444049d7f18da08854e8f643411002deb22d14c603409206c53e3cc36ae6cef118d26f728d4ae0a44cd522f74ac8dc0dcd647f19357be66fbc5ede57f4bf9ed6f7e835ffffce7f8fd4f7e8ad73fff65fce0e2f3f8cecc257cefe2557c77fe0abe337719dfbdf834ed2abe3177095fbdfc0c5efd87cfe337dffa0e7ef99557f0eb6f7f17bfffd56bf8c3af5ec76f7ef14bfcf2d557f1da2f7e617bbbbdfcdf2c7628dc40f9c68b2f6193a01098618342193a622ad19db8013d891bd1155f85762a060597cd3454c51942ac4aa12daad8cc4a12100487561b0cfe080c340d273587e69ac0b4a0d04ee7ae21a26b41669bb5091c3439f7f610b60fd33305688d2830f73b43041805b0090c5b7dbdb5b37da79482a04120b40765a035281d6d74fa2d3ea968a56ad07052ab573cc1108f06ef442a860cd479c4a2ce3d160dac1bdca2d1e012857a8240301014eae5f4a51cd8a691cae2a47338ea5d08036742c149c67bce215414c13c0e418b6b14df9f807aaa93ae985cf452957410489355f7e3dfbef455db2f6f2fff13e5d7afbf866f7df14bf8d92bff8a9f7cf8e3f86263373ef5d4297cf4f0494c6dd88e81b834f487c763383406a70323703a2812a783a3ac161285c1a0089c8988c36c4a36c663d3301216879108b68f8cc710ed747402cea5e6e05c563ecea4e7e0425e313efce8017cf8f183f8e4b193f84c7d333edbd88acf1e3f854f3734e3bb84cb37e62ee2479ffe0c5effe6b7f0932f7f05dffadce7f1caa73f8d1ff3fcf55ffe123fffc9abf8fdefac438f5299f6753cffe7c50e851b283ffccabf60f37bef445350267be4c56608a933b29c6a613da15069660c75c494da204063cfbd853d78b56ba3352b9640c5d06a9badf44731060d37d1a42c041301420ac15c0f7eb38d8941f0590b41609143576ddae51a95b0a820cc3457de6fa72ae82464ba8259d38c5a30cf5329102282426b20ff3d8442bbe20a5404cd3e2968a6936ef14946a3375581571c9abc12d1a6eb54004d540ecd6e54092ed1a877664f5fea8020a825106a09811a3aff3a37c2824039c5735dab270cae190151ef144a9884a0d62118f5ae11e80bcd4667ac86e5d2d1ef1e8f6e072a09df045c3a5283d77ffc13db7f017bf94bcb1f5e7b1daf7fe7fbf8d50f7e88ef7ef515fccb473e8aef3cfb02fea9a6192f54ecc0d5e28d98ce2ac0209d7e5f5014ba7dc2d0ed1188119f500cbb06623c3006d35149988a4dc574521666d272309392c5e30c4cca787c29b704cf9554e14a56112e266460213113f30969acd331c77a2a3a119709838ba97c3e36059762923113188569ff484c1320d361b1182760c6d9f6425c0ace44c7e34c5c1246e253f89dc2d1e71f8a8998148cd12613333047c04c2564e299f24d7879e73e5cddb015cf14afe7f728c4679e388c3fbc61cf14f0df297628dc40f9e50f7f848d37df891af69adb424bcc109125bc04ed51a52606d015578181e48de84bac8225ba9410a0e30fce450b7bfb2d8174be3c36c33d54009a61d44427ddaceb41b9262e206b55db203a7302a04370d0bd20de337536cfb3d1164855c0f3564d4335d7742c874f27bff8593c6f31f7b36009cc4207dbc9da754d536379ad936aa15d0be3fcd30884342a8334330b490068f24c42337bf04d5204ee31a87723183c12d1e01a478b41231582868cea1ce9f46d56e318460b3571845a397f2a090d25d5f35abd036b63e1a82344ead6e97a08eb1054af0d44ab671c7b92744a51f9e80e4cc560400a06a4205605a1dd37092f1f6dc31b3fb30f37fca7853de65f7febbbf8e127ff11fff695afe04bcf3e8b17db2cf8d8893a2ce4afc7b9a0389cf18bc7744436063dc271e2d655a85dea88d675eeb0ac7641e79d6b6059e68c01273f0cb804a075b913065dfd304118cca5e4e04a4e312ee594e2627629aee455e0e97c5a41392ee595e299d22abc50b691f78a319796874b0483d50a7129339f753e2e66e4f139b62daac47c6621ae641610200558c82ec065dad33cbea2b6e9b99817701253f9b9044b5a2ea6a212311f9180d99058cc06c7608ae09af00ec1845730ceb9f861d8d103679c3c71ce2b00bdaede98e433bffbad7dd1e67fa7d8a17003e537bffa2536bef70e9c602fb93daa9cbd7d3ade9042b4c756a02f750b06d2b76120658b892f280d86e9e5d301b7d369b713086d74d6c608830e8dcf47141935d02a272e47cd363a6ef1cf421795456f64095afd33e9d4e9d0699d015968a7336fa7c357fb56be47ca40c343d6774a210830828a151a828085cf1930e81de65db6eba62ddf2320f8110c8482d4408b175502ad95d6ec116fd63234100af5ecc1ab6e748d46231542930d0a3574f456b510f6a6492db84a451002828281838cb030a66b21d60034d5829e190ecbc1646a15150c7fb3b054f4042563d82f897fe45424ab83d09158847fec396f5d5cf73758343ca2b1f8dfbefa33bcfa99cfe1cba727f0d5f1797cacbd1be31b76e25c560986c209538f4874dde188dea52ee858ee8c53b72fc7a9150e54761ee873f547f70a77b42e5d07cb2a1774d13a04045acf4a3774aff440ff5a1f0c3907a273851b4ebb06603c3c1133ec915fca28a4632fc242baac100b19c5b8985386e7a8329e29acc01c9df942069d7a4601db5d6f5620c8160882abf9e558202c747ed95c93e5f239c2c40684f9641a15c3741cc1909c8dd9b834cc100cd304c30455c564443c26a96ac64362301a148dd1c0084c504d8c524d9cf50ac414dbebefd55efeeb6287c20d94dfbcf61a76dcbe1207e9e85a223565b408bd499bd09fb10d7d695bd111b7deac5fe88a596fac33a21896eb6060e0a01ebf1cb1510379060c3d74fe9ac2daac00b6dad13a79de135944879e49272e3064d2a1d399f3bc55d7a80a1458eea0e2e8081568788fd616a47b39e88ec84797e2070289da4b29b05650590bdd0409eb5052165afd520985545864848260d0ea99688302d50261504f30347ac6f39c80904a2014a414e4e005066b4d102c1a7f230d2d59ef2d0241f7ac6d1ba81a1a1c42d04828d4b33e456bf74ac054e6469c492be7bf8d600c4b83252c19ad2109e80ae177720d47e38a209c4dacc457afbefcffde3456dbccabdfbcfe3abef7ca57f1d32fbd82eff0dff9894375f8e88113b8fcc063fc7f22196deec1e870f2479f4f24da9779a2ed3dcbd175bb039a3fb80c6d77ae40d73207b4af7247fb4ada2a0fb4aff6429f4b1086dd2309007703819e351ee8a5f5b15d3fdbf4adf640f71a779a27ef7963d039005dbc3fec1188898844cc1a28b0572f285cb312cc1210970886cbb965984fcfc7659981c09f03433ee66997a91616a83a16088037a1608586c0703135070b495958201466635358532dc40b0a49988e4c3030b04221ce0a85e0688c0545120a11180b0cc3594f7e6782e3f51fd8d7c1fc778a1d0a37507efaa31fe2dee5eb7090ceb03773270613d8ab4dd880d668aa02c2a023ba1c9d3115e88e251468ddca7fa4750ab6e11d29816b60a0b5a8b7cfeb520d3d51256c5f624061e0c0b6dd0486152a59685600980ebd4beb0ba20492227428d660544086b10e0141f10edb7137a1d01321684881f07a403ac1906ea0d0ce77f545e4a15f7105337c94028b2f1db00f41e09d8046c240409059e1108766cf38b4100e4dae3168588c256848e83aa7ffa6694829c2d40dd75d17141641d160a6ab86f03c946a83e61c69803093b70de7a38b7086901b0aca406f702afa0253d017908c2eaa8726f768aab5288c656fc3572fbf742dd0f8ff97f2fb9ffe02bffad677f1ab1fff1b5ef9e8dfe3f39317f1a581513cb3611726b3cb7021851d026faaad7b1cd0406ba7736eb97d2d9a6fbe079d77ad85e5eed5e8b86715ba1ce8f45dfce8e4ddd0b5d695e7ecf1d3bad65aeb4e075e77f040a79cfd5a2a80753ee8584b28e8da5a4fb6f3bace74ee61abbdd04be874387862800e762c328950c8324a6121f37a28141304540bd9a5060abaf6ef61f0c7b640685cca2bc102cd0c272d82e03abb94668342623a15422a2d9d5048c7744c32a6a20805018136411b0f8dc1988182944204c603c2719e4ae18c9b0f5efbc6776cbfb8bdfc67c50e851b28af538e3ec93f92432e31385d729f19e2a95776d4d0623af572f4c6569ac56c5d363074c7f2986068d32c245bbce05aecc006090d0135c9e9ab274f47df4dc0745001346b9847cf0564d3e8f8a38ad1194715124df5114650b0d72f15d06954049d3d9da7a905041b24040205a31550ee8ad410960d0a9a6d4410f4f23d0391f97c4f0a3a04053faa04bf44342ab04ca5a095ce8a3334fba4a1c58d50d09011ffedc6dc625147c560d62118e74e27ff47ce3fccaa26088e7adb7dc5116a144fb041c1c4141c824c1ca246416ade1b8acac74ce10e9c4dabc4e9a8420cf3fb0f1370fdb4aea07474130cfd4129180a4e239c2251b32618e31beec5d7aebc08fc2f520e66bdc56bafe3079ffe277cefb39fc337feee1378aed182171f3f86b994320c0625a1cb35047db4fa3b1c70f4e6a5a8bbdb09cdcbddd07af73a34dfb3963d7d273a7c27e3d43bd6d81cb77af272daecd977adf546071540cf6a6f73de2987cf361dc6c9bbd3acce5fcebdddc10b16274281c7e61e41d363d481d57a567ba2db9cf33e95458f832fbad779130a41840295029df4c5ac02cc6715619e60905d94090eaab30908030c4282d7fefd10122ddd66396c273064e6120a56b5700d08aa350c95aa21a474ccc4a7624a5048cec4745c0a26a313098338a30454ff5928f8f863689d1b5efda72f59ff63d8cb7f5aec50b881f2fbdfff1e2728631f58ca9e57da763aef5274502db4d3915ba8128c3a30434715e861dd4d4874120c16824169309a098266a31a144c564c800e9f503016928b063a7acd4aea8c2d33d64600b4b2c7dc9bb09ec02947bb82d306209a2d946df21c491568019a6204aadb08065d33357bda2d6c23386805735f74093aa81cdafcd3090002820aa2934eb839300d1d04403b5542835f129fe1b9decd368d0a2ebbc51302d6e072936b34ea6cd34eeb5d22d1c8eb3a3f698680424dafdfeaec43d0a2a126f6fe6bd72a76a0eb5653f0d9da360c4dbcdfa0f8038151c776bd74f613c53b70267f2bfa124bd11f958781b01cf48465a127249d60482118928c6ae8094e31caa1637508ba1d233152b40dcfd6b4e22774c46fbcf69aedbfda5fb7681ae7ebaffe14bff8c297f185feb3f8c2f9293c7baa19c38555e88bcfa50a4c45c36a3f33ccd37e8f1b8ebd7f398edee3889a152e6858ee8ca6952e68594310d019b7aef6a12af085c5c10f6d6b7d8cb5aff1666db576537ba1cd8135add591f79d03e8f07d6061bb768243f72d6c67e1f1a275f09eac73ad1f614060f0f33a0c68dcd9966ac366165d231c2cab04132f743bfb62d02714172252309d9c87852cabc3972298231ce6783e975982599ecf532dccd166b3789e2940d8544526d581b17c63f374faf33acf2931f525da45a907c2e1122171312bd7b49949d5eca61ccc26676346c3484919060ad3b1499889a562201c262312301a128d0b41548d02820d0a17bc83d0efe4811fbcf861db7f257bf9cf8a1d0a3758da2b3763dfedab3190b60bb50174ee310443129d7fd20603880e0d1d19a540636d40416b8f2c3129305a346c44131ca40e048456058505069ed7d1192b719ed267f767d131d234b5b5d157b10482802aa39d6d154368a169369202caad84857536128170cd040a6bfcc024cba332e98a2a414f5c8999aaaa61a9ee30c28acebf3920151de1541e119ae9944975908c063a7539fd6613688e41bd868d5ca351eb2c28d0b1cbc1f358b393ea3ca251bd2ed4cc2452efbfce2198cf11240a361ba5601d2aaa5f1b442804f3bd9168664f5feb160c30a41856075099c463bc702ba6cb77e342e6060c47e753cde4a2373c1b03a1e9e80f49435728554e64167a83781c4c2884a6a0373099ce34d49a5ec33f91bf1f1dd0fd07f1f1c61e7cf793ff80af7dfe9ff1ab9fff1c7ff8ddeff1fbdffce6daf8fdff4979fde7bfc0b7bef0457cebd90fe3c5a76af11ced6cfe26347bc7a0cd351c1657fe3b6e7744e36dab517fa7036a79dcb0dc038dab7dd1c29e771b1d7f0b9d72339d788b71ec5ea607df4667ddb696ff765d93f3a7b357dd6a8cc7bcde4e272db3f01db2762a8076f6fa3b0506db7d2b00ac6aa29b8e5f0ac30a064fbecf031647c2c251cfbad16c20b059bb833b3fc70a0a030baa872e275f0cfbb2e71d968c4942619e0effa251028401a130c3f31942615ab0c82dc765da1c41203531cb7a4e70c82aa4110259844216df919dc767a9060805d99ca0906185c2454241ea618ec7738a41f0bdf3a96c1f9f825902413098260c66629230abe9ac1a4ee2b114c385a0485c08e4770d0cc3846f18fa08852f0f0edafecbd9cb7f56ec50b8c172e1b1a7b0eddd7761386d377bedf9680a654f5beb15e22ad19fb4093d091b0c083a0504db30520f15439702d374c01a3a326008946a1014b2d144c76d54029dbd8500e889a24aa0b2b0502d080ecac4dac9cf308ac2168790c397f3566da0b06854088b263098584380d5b430ad9dd6114138c4e9738ad803a73251ec21869f11958b36bf64ebc2334f4d41652d85605442b431d3f3d730101db9190ea222a895c377a333e6335a7370d2211027e9e49a5c228c99d9456a4725d044a7ddea118316b6ab5fa7eb010442201544001ad604a0d53dcac415264b7662b66827c632aa30109d87e1906c9c0ec9c26068067ac3d23144a7df4548740425120c49044432fafc93d0ef9bc4de6d320608b46ef748b47945f1bb0652f9246138b90817b2ab309eb3092fec3f807f68efc72b3397f1990b13f8d8b9517c6a7a1e9f99bf82cfcc5ec427c7a6f185e94bf8d2d465fc7d751b660bb6a13f2697ffbe501ca552ac5be383ba3b9cd178a70b9a97baa179991b5a56b0c7cf5e76eb6a1a1dab2020c7de2c2038fa9a1e7d2b9d742b1dba9c741b9d719b9c3b1d7a9baed3d4d3ef5c4765a1b6ba4e33009053a7a36e370e9b4e9c4e5f66e13d5db7d82070bd7598ebb6e734bc4428743b0a12540a0ed667f4ae45307410168249f76abe8bd6efe2873384c278681c66341b48c34719b242cca4171a005c9273cfd64c2429013a7f0592738a8d6986919cfb5c3a61208520674fa73f9b9183cb7925b89a5f8659de5be0f505de9f4bcb61db1c5cc92dc233797c5e6b21a812e6e35331174b30d0a6a3a810146836c347b19888641dc95a434a11f1b8101683317ee7dee56bf1d1a3276c7fb5f6f29f153b146eb09c7fe8516c7fef329c4ede49672e27af9882d61d14a383cebc37beca80a19b9010140c1834a464a040c74e2034f92b704c10f865a2ce270dcdecb16b0f856e42a02ba2980e3d0775de6926c6d01a518846b65330ba3da2c0a889269eb7b0e7afdebf1c7d2b1dfe35f34fbb666decfdcbdacd7453d6340b8f5b3c93d04a75d09d508adecc8de84a2a87525c68b8a7d5239e3dfc58eb7091562cb337dfa0612227f5ea35dbc83acc53bb26987590993924875fc3e33a2a8566a5aef08cc149aa0129823aa71054aff137ef68d5ec25bebbde2998edfd0889002a0a993fdf435be58b66a7300c251461347713c6b23762327733cea65560888aa13f380303b4de90742a885c9e130e7ce7b0573cba7de2d0159080beb034633d84458f5f0c067c6230e2158361f708743b07a3db378ab024ec3c42a94cbc70ecf67574e27e38e715875ef7689ca6fa381d40c87846a379b9371a6fa7a3e77da980e66574aeecf977ae618f7b151d3b1d6a137beb8debd8fb77e6775f4705c0775a56d091d3a9b6ad71316d9a57d1493bf9a1cb2510cdab050bda6a5742406d041139780f74d0690b0016290803021eab77af80f26a179a2baff119d61dc6a1d379d3b9f74831ac72a342100c5c8d1935c1cf92b3efe4f713040491456074f3dddd26bec0cfe5e7cb34acd4c3ba57c7ab5c30e21188f3fe11180f89368bcfe6d2b331939a8de9946c1e17100854089974faa974e69a46aa3800eb39d5eafd67131ab4058264d60c07f139dd4fc9b4c2436b1a6ccf4db39e49cbc3d5bc5203858534b64de46752250808060ad149664aea14a1209b0889c05850184603c28c4a180f231c787d3a240ec34eee78e1fe876d7fb5f6f29f153b146eb00cefdc8dbd77386130693bea95429b60682714da224a4c8cc18080eaa09760e84bdc68944227af75469741bbb369ed42038150636090831e5eef8de57d0597d9d36ff44d478baf866f3208922202a5140d6cdbe89761948259e54ca5a0b50cadbe540b0484c0f0a61106366bf727148c691d82353d76bb4f2a7bd8d9269baad632f4c796a23b52df8ba0f24b324edbcc34b2cd32521c41ea40398b94c242f1801a42a186bd7f81a05630e0b1b1b58138c5f306a5aee03b9ab4aa994aa1d53316eddef168748e30d95105837af6de8d4220141a088406471aa1d042c00c5219080863591b3096596594c3706a1946e28b31109e83eea0748c44e5e10c01d1e79340e71f8ffed0540c86a7a32f34c5c0a1c33f169d0171e8f1a7b3f78b459f1f95038f3bfc63781c8ba1e0440c87a5a05f4ac3271a9dbed1e8f656ca86240c8526a3c337123d017c877f347a02f92cefb53a07a27d9dbfe9d1376b4886d64565d0b14a3d7a6fb43905a09d6d5ad6fa130e540274ce72c4adab5c09045ff4b807a38580b0d0a90b0c2db4663ae04ec2a4dbc9d70481dbd8be8dd7da8c43e7bbe5f00909995482ded5cef70a0a72e4bdecf9f71348ead95b1dbe7af97c3f3fa783cff4387ba38b6d4c7bdd336dde04430feff54841488910049d7cbfc0d0b99250f00a326b0014c89d4d4cc7746a26a6d3b28ca3bf9c5b62a6942a002c08a857afe0b00910d366797d9e1058a012b89c5584ab541497a92c2e130ef3491966ed81563e2f98f3745cc92cc43385eb7191ea6256aa8490b8c476f3d743212a09339189d7a030131285e9a0084c064662dc3f9c0ac13a7474c12f1c431ede78bab80abf7bed6f734dcbff49b143e106cbdc8103d8fcee6574fa5b514747de1aa85c423628502958671dd902cef195e8d33a86c44d0443b95901dd4887de18acbc4365e84fa834d3569b037250ef938e26df0c34b2f7df2a254028481df4120a06140159461d181804645301c8724cdb36f6faff1c14a40a34cb4839889a34eb28bc00fdd19afa2ac5c1cf216c4e87113c7a67603aff1d541adec926b0dc2828689691336d1da1a02476ecc52b8ea03505a71c827092768a8ebdd638f7603af760d4af0d46f5ea40d43887a33d903df6b06c34b3375fbdda9feac28f6d040182c358201a0812593dad71953f9af97c6f7826a1b001e384c238e1702ea30203710538135b840b89a5188a2d44bff66c08e5fba3b230985080c1882cf4f9531d104083be0918f025280802c1a0c700219e3595046d80aaa2970aa29ff038cd779c0ea7fa084ce2b3d138139088b3048cee7713160384c7483841e3158e6647aa81d5eccd1bb30ef934b317df42872a07dfb29abd73073a77970058b422d8c19b10a022d02c2247f6ccdd0815ad13a0f3d5f536071f74b806a0cb994a44ca404ac0f4f2ad43433a6ea7dab00efdd0f1536d7438f9f073a92e565229f05d72e67d9a5564867fa828f86ea983ee757ee82168a4328c0ae0bb3b573b130652126fc243c73d5411bd4e040301d2cdefd941200810439a7914acd93db1988c4fc76c7601ae14949aa121a5b990e3bf44e57091b64027bea0da5896b9a6741672eeb3c95412540197b38a09075a6e29164c30ba888a231f57f34bf15c4199997d346d20936dde7b498a82309a8fb50d1fc52463fa3a284c87c761926098d01a8580084c110c533ec138e31d8cb35efe5411b1f8ed4f7e66fbcbb597ffa8d8a17083e5ef8687b17ec9ad74ea55a889294113a1d04ec5b00885c5c0b2a060a142688f535ea48de84fd98c4ec50762cbd0135f810e3ae786c06cd411061a46d27092ac31808e5f50a05a50fca18bedb48fb3ae35fb090c6a676dafe9aa4a596116b4110cad8b5020005437296505af775209f4c6f173638a4d3ea456ef147448a9f8a79b6b96d05c347924b0379fc4cf4da14a492214e2d1e0124b18502dac8b362a4171845374fc8b562328481dd0b94b359c5a13606614359ba07434eadc6209b72442269aaa4353510990b57e46515883d1540c540dd7c0407034f2bdddc169184bafc464f626a316c6b3ab7021a91c43110401613094588c33e9eb713aad0c83f1fcb78566521124d1e1d308845e397f41c1d7aa14164da018f4111c08055da362e8f4251c8253311299857e0d3b0527a32728c94064242c1de779bd8f70d04c20130fd0b8ff1a6fc2cb1b4dec890b0a6d6be9a0e9642deae1b3872ea7dde6e28f0e8f50743a0710169a5d44474d50b4ac7233d64d184839b4af13683444b508827f6f06021aae2238a438ba9dfdd9fbf7b57e96de45e7af9843b37afa74ecbd6ebaef4398589fb7aa04a90b175bbd78cda61e0807d55debb4c8cdd7c412fa68fd84c2e980489c0b8da73a28c695a20accb1273fa315c65401f3eae5d3791b9352306ac10606dd975230e7b96688695643447a460a21af0c578a37e0b98a2db85cbc1e9384c1ac2d9f91de6ba040c57049d7e2b556c1aa16a6a393aceb140404b3782d9a1689b1c0709cf325c4589b98837f0886f8dfe0975fb62755fcaf8a1d0a37583e7bf90a4a97bc13ad84c0a9d862f6f2f3d1125662620aed91a566a8a8c36696b80ab4d15a63cbd1caba2f7d2b3a13d6a336300bb584413d1d7d239d7b139d7b139dbba69b9a29a754054d74f48d1a2e22149a795f40502c4280b8decc42373a7a0d05350564f01ad50641d0ec9781f608aa0025eba32a51ea8b46a5b090e3f7631d40685049744715b11d158c4fb259a4d6e04165e0a5d5cb0974ecf1a823146a9ca2a810c2a90c8271d251eac06a1a463ac59efdf15501bc1e8a06af583e4b98b8c6a07a0da1c16b1a8ad274d506424156b32e84e701a8a69da229d02c586828c93aac148c2e3af80bc9e584c2668c6a0889763ea3d2a8855ec512e2f2718ed03897b381ca47c349ecc907d299076a911b7bfc7e8a31d0f913103d0441af20b068fed6a1241d2fd6ddde31e8a132e80b4bc5406c0e2d8fefcd2684a82078bfd539082d520954018241f35a2faa834540a85640998efb9ab9a3911068528cc03508dd9e6168770942aba31f5a9de8b0bd23d1e5166c73f68a135035c8e898657f0e0a520b52126d8a2d100e824d8f6b20d583af5591d0badd83d0eb4135c29e7f2b01f1a7ef314675d14e4563e21ab66b520d8a2718e5a09417540b7d9ec1180989c3d9a8548cb3973f2775909acf9e7c2e9d7b1ec1404bc9b54e1d35c6ebacd5cb97cdea195eb302c236ac949685298262da16b4be54b21e97cb37f1dda5063a8a339877101017d9e632e1b34028cc9a7417299891c5100a5109188f1418623041a5301a1889b37e619808a3828849c3795e3be3e1837e575ffc70ee69db5faebdfc47c50e851b2c5ffbd4a750b0e4263404e7a396bdece64041411953d90b573059eb12ae33e5456a1718e8982df19568892c420d1d773d9db9acc1661a36924a68141404071e37281d06db6b7dc39f05829ea1d5b36db3f2188517985a9bf72868adb50d4abb5def9b4a50a45165d0145bf0b75a934faa892d5822f2d1445828b54583079dba7b1ceaaf4d418d2118a2e8f4c3e8cc438d833770200c8e0906bca65947da94a7d15d016625b8a3d367cf5fd356dbbc13cc90533555440d1dbe3543aa5406cfd7fa1b28183028e82cd5c0775b7c127036a1041336289ca32a18cdde88899c4d38975681fed87c0388412a86bec86c6bd039228b3dfc54f46a0d03c1d0eb9f6003c39f404146304829588fadcaa18b60e80c48c0506c3646d34a31482874112e1d9e11ecf5d3a1d399b7d0a93753311828d854438ba68dfe0918e46c2d72e2abbcd0b48a3d78c2c4e215866e3ad99e40aaa7757ea85f49c5a0b6048881c17f0a85c5d946d61885620e521bad8a35100c03de1118f48b42a74b209af8deff4c75282e21bb1e0a1d8481a0a0456d520c2d2b9dd1eee48591d0384cd3f1cf6616628a4e7e36bd80e779564bb5ad25b8ce665304052b1816012115a15ac34d53848366233d9d5f6e662c4da653591494619aefd6aca605cd62cacec7bc6628a5092c7a36cb1acf884bb582213699504834b38ec622627136982a213416f3318a3924e33c95cd699f209cf7f647f75247bc323967fbcbb597ffa8d8a17083e57b5ffe12a1f076d4fad2a94717a3295869ae09052a8756654b150ce2d61b95a0350b32c14070688b2e434b4421eae8f417a1506f3b364010080c14a80c583768ca2adb2bd3aa9cbf40b16852085645619dceda20400469e57311ba0804ed07dda8d5c8848116af69119bd26434f9a71026d65c47da33a143995ea5146c5068f69073576f3f1af52e0a14cb22e9cca3e9dcc38c02382e230c346db58def6ba13a5086d4e3ab020989201363a8a10906ad5e09a873a2ca30c34cba17443510840682a17e9dcead7030b390344b8950e8f04dc2e9b862b34ee10261305db41d0be57b305db81da7934ad01d9e85d3f14538975c868e6082203c13835139ecd967a12f24958e9760b04d51551ca197cefd4d20d002a80a0806c140c3473d5419a723b3f8bc868f9230189981bed0340c2966e11d0d8b6b309d6480e9e937aff52510bce950ad6b0e5a78deca73a31ad883b73a79ebec1f0df928ced0e6ec8716d7004227c604b0db9d78ce9e7d331db354c5220c16ed4f1db9c5c080ef24382c668d81a0e0628510dfd5cf77f6fb449920788783868d081b3a7af32cdfffc7efb20e195d3b274014a4b65e733540e81410e85c07fd2330a2619a243a6702e1724e1916b436213d9f90a04aa0c9f91bd342b3eb6c5131c8a6699354080a4e3f5d482064122e5401ba76b5a8c2cc429a4eca245832098d1c42410be5a8340887f9747e46521626e3536c6a21d9b6702d1667c2633191908acb04c74c4402cefb85e0827f88a9477d02d1b5740d3edbde6dfbcbb597ffa8d8a17083e5c7dff83aa1f00e9c704b416364317bf3ea9d175d1b3ed2cae64595a02124cd46ea1418785d7107a5d3aef3cb401d9df8a229a6d0c06b0d4641d89c3eafd7d3cc4e6d418482af1cba55212c5a239f51705a4169c5209a7cb436410be1f8193e9a969a0e25bb53bca185c7cd540a0282d482ae37131a66215c682eeabd12d16292df69c19ad61b44532144a2c638740596d9c327206a9d788dd79bcd3ece5401ebc28d6238a1e1223af41a3aff5a3a79397a3dd7e2194b2884e1d46a3aff3584054dc344667d8263201a0406472a0e3a576b203a98708ac380d25d14ecc0a58a7b315bba0b1772a81832d6e35c6a05efe56238ae1017782c20f486a6a337240dfda119180ce33181d01d9048e79f881e2a861ec5167ca90e0c1804835874fa44a39b40180e4b251032d14f9874f1bc9310182160f4bcc53b0a3d5e91e8f58844874bb05980b60805290339fc96d5de34c241c71a0ea2436e652fbe7eb53b9a9c7ccd904ea78bbf510c1dae216618498bd63a5cfce8c4a930e8d84dcc4101693a72991cfaf5a6b4d6664a2a1db79cb686867a9c7dd0eb16802681689daf510c0293620d5d9aa9a4a9ab6c6fde4167bf687a8f859f25ebb0998e5b5638f1b35dd0e7ea8761cf200c7a05a1d73300e7426330959483b1f84cf6dc0b0c1cb412593d7e0d1929beb06882c1e22a644d3b9da14d682f05b67da668bd49843745073e9d9c61620e5374f657724bcd34d4b9c44c5c52be230d2d99994b0a52679b9417320d2969cdc2644c1215421cc6699ace7a89601a0b8b2508423116108a51bf409cf309c698beff0a073cbb7dff5fb450f16fa9d8a17083e5d5ef7d875078270ead8d455358217bfaf966bd82b6e0d41ecdedb680b3ac33d25a5b341d95c068d58e6c01d9660d82661bfd91f92ac6904e60a45b671bd1d137f07a235583e20e3a160016ad51f73455d53785305050d96a2d04459b869a74ac18824fb2599d2cd3718bae5321e85eb30f6b29082a8c0601418165d7183aff18938748bd7fcd343ab92608c75707d234dd34864e3b810008c3d1957e04823fd58382cc41d79c7e0d9dbe16af691652936b14554028aad9f6e42a1aeb53c67c8d9938c23aa98660de274868162a85d1d44a2c94ecc164fe36c2a08a5689d1ec0d18637d3ab6d04c5b3d4ba53060d481563a0b0669c699f7076b5316812101dd8a2fd0343ca469a55d9eeca97bc56280103843180c6b0a2b0161e175cd36eaf68ac6990842828aa1cd2d14edcec174ea21b03887d0f9065019f8b097ce5ebe868556b9d349db8c30d0b5fae5ae048027dadda8783ca9301c3dd1b4c2198dcb9cd1eb1a8a6ec2a571e93ab6a59376d06c25a5b72048349c44676f14c09f58fb4a17b42d7742d37267a304fadc82d04385a0671a96af336b197a5d83d0b8c2c57c969cbcf2204915b4f1f9363d6f33bd4b39952c9a11c5b6ed7ca6719923dfe181418f00f4adf3366b17fa0d1c82713620824e3c876a21c7c41326e9bcb5c98e49679d924795402308d4d39f4cc8308e5e50984e4867db743353e9d9c2f5265e3049a73e95444868aa6922db6a611a558114c46c7c062eb2bd6208f3fc0c41628eefd0745533ed95c78bc0988e4b33595b67e252713e380ae7a868c602c23146309cf709c219cd9a720fc0e0da75188fcb04deb0efabf09f153b146eb07cef5f5f41d57b6ec713cbc2cdae6a75815aa15c686620990d7704051b0c04854e0142b9916c505050591068a063bfdeac4e5e3391e8fcbdd9c3f7d635a9030d13110c6c733d149a088e46132ba0f9a7f0b964634d0a221b35c09ae79a4dd44a00bc6956289863c24933900406cd3e6ad47ecb2e71a873d1e6385a891c46e71e64169f9da0b33f4a45601403817142fb2aafa523e7bdea35be84811feaa402681a2a3abe86ea6185d61f84f15e308e2ff741f50a5f632756f8598f0985ea9554157cafd95b818aa2c58dbdf310f6f8e9f8cf2497633473a3b1f1ac8d98a44d6552311006c3b10518492cc15058161d7b260683d38d29595e5f608201835262080ebdfe892698dce911813ecd2a8acac348640e1543221d77a40932f712187d0207a1703a341503414974ec61a677afa4736deb024d4c41433416477f333555e3f772aa6d2b5dd1bcc2950e9abd6e9740f4785359f0b9a615540b74bc520e8dcbe9a0b5788ea069a3736fd533eaa1b356fca193d6c29e7af32a6782c16aad325e6b5dea4807ee46471d847ef730aa001f342fe7757e763bdfafb414fd540d52059afeda46d3f7b2f0dd5635e066cc2230ac58674db4a7b8c1321eb35dbf9bbf997eaae9a9da67a187ea63c443ce351823de2174f88a19e4b32608680bb4f9443a7fd63304c37c5a9e598fa05a0bd426e3e8c053f2f1ac36e1c92f3381e5a9f8343afa0c93c348bbb25d22044c3ea3b44c5cc9292264041aad5f2000649a8a6ae0918e8b4984806df868323ed5645a9d48c8c2b980484c06476342b98ffcc38c5df00bc1597ee7714261d8d919e782e3f1c6f77f64fbebb5973f57ec50b8c1f2c36f7f1b1b6f5d8e87977aa139acd42c6093626852c2bbf02293e3c822754053a23cc51194525bb06808d23a853cd4fa65fd91d5f9661214566ba0b36f200c040153fb69a8488bda16ef111aba4ee7be0812ebb1d5b4d04d6091da68a2f3971945604cca410a81b52f9585a04253aca1d13d910a414088b5ce365a176982c827a800164d8ae0e4da502a8870c22018b55402a70401d5e63818355413eaed9f58e18313cb7c4dbb63ab0370f41e9e2ff5c5f1659e38b8d293b50f6aee111cfc7062ad54843b1ad413f78c45a36b047a02d3cc0ca4b1accd389f4128100c638a316826527a2546924a7126b1147de1591808cbc0904012948e218261c028862413741ee4f140701a41938a5eaa8a612a8c4182a3c3330a9d5e041081604c3390040e5e1b0a49e13b920d14baa8123ae8cce5d04da0993df536cd22720c40ab72162da7e35fa6b50a01e8f120603c234c9b7a0181ffa6663ae33629099eb710289d6e213620b0574f6ba6d317009a57d3142b608fbdc541cfaad7afaca98ee8e47383fcbebdcefe04014141d5607afe6ca3f50e8dfc1c2985ce35541e84459b01ca9b4a43ed3473c99aca42ca869f6f548717863c42081bbe97ef6c1124d8b6c7c90b835e8118a60d7907b1779f8db934424120a04db3173fa318009dfc344d1bf0cc692d427a81094acf6415e1725eb9091e4f681f04dd97ba105412653ca6531758a60988b91ca5cdd075a908ab2a302688986b6cc35a1bed4c47251ba5304995301e188da9a0188c110a173474141086f37ec138ef1584b39e211874f3c2599f60fce4639fb6fdf5dacb9f2b7628dc60f9f9abaf62c30797e1dedb1cd01052825301f968200cb4a7424b54a9d97ca7954068530cc198868fcad11c52805374e61a66aa0bc835c73574f4b25384419d2fe14040d4130675d74c434a84054dc7ba66c0407b13086f9af59ed4059fd1b336a7bf689a6dd4e493641b4ad2d0532adb0b1a69a8774b3050a87156623b02814a417182451310aae9f04fac0941b58683785e43109c2414cc3d739fc72ba91296d3f92ff7c6f1a5b495013842357074e99b50387937ed4e2fd4dde5851ab639c49eefa9555e38799b2b8eddeec6fb5e68207c06134a309ab70d6708841e6dea9f407590b51ee7b337e0747a3986d34a713a3c974e3e137d540c0a40f7845035046598a1a40eaa05a5daee54baede81c0c44e598994d1d9ed10604ddb42e5b6dce1554f68aa4dab006aa05058ba0a0e1239a6620353b6af6910f21e047074e85e3ec8746b720f35cbb53a00144fb320ff6ca1527b03a7c39e936f6cce5f02d74c02d2be8f8577a1858b44b6dd0494b6db4f1ba662c75aca51a71f067cfdf17bd4ea1e8f20c45a39307d586232c04857afcd6e7f93ef6f41b341425a5e0e86da0a121a2eba160be876211028383359d8616ccf5ba051214de66f8a8cdf69c869c7a5d7d0d0c0486d3ec7d4f510d2825b6f6431618b43fb2cc004180a04dd1b94fc46762222917970804cd4e1a25100c4034d4a367a53808050d3f99212882619acf4c65e6632633976a22d54060d6068445653163a040d3b0516c2a2663924d6c6132547b3a6b939d289c0b0ca37208b5069a098511af109cf60e40ef3d6bf0fd4fff83edafd75efe5cb143e106cb6fdf7803bb56bb61fbcd2bd044289cf4cf456d70011ac34bd01653898ef88d688d5d8f0681806689b10698ebfcb371d22bcd04a4a5184e7aa75f8382319b6a38e59f8153ece9cbea020809933955b394b2795f20b1c61d16e120e570ed98d71597680ece41bdbf150a72fa7f6c2954088a43d860e19d8246af64d4bac6a3962ae1145542358150bd36ecdf41c1aa18784c875dbd3ad8048f058513b655ccc70400f6fc0f2df3c2d1e55e460d1c59ee87c32b7c8d52387e8f378e2df5c0897b3c716c99370eacf5c26377acc3934b96e2e407bdd0c49efe85ed0fe1c31d83f8e295e7f1f5e73e8a6f3cfb117ce3c5bfc3e747e730bbf543184f5c8f89c8229324af27bd184391b9182214baa9023ab55b5b7806ba4353cdeca17e2a04ad61b028be60562d1312ca93a418834fac018282cb82c2a229b8ac58846630b57944a0ddd51a4fb0b8849a20b1d62b28e02c6b58ed8346a5aea6d3ae5bed89ba156e5675a0e0ee0a4f3a68af6bcebb9d4aa179b517dfa11418ecadb35dab8c301014348cd3bed291e78e685cb9ce28888e75ca92ea81fa3b57a1f9ae5566e8477091f3eea042e936661d0652a2bb4eb66fe4fda63f510ad78cf79a09156547ed710f34dfc33abca57bbccefbcaa534c07b439ec118f6a1830d8dc1649a92df95622241c1e11c4cd1b14f110e8a1fc8e4e0a70406014300509c21adc0c41f040f6b3b059da532789ccc9a26c520a04ca6111699797c5e1049e73582c10684699b492de8da0c413315978289d864136c1ee5f7bb10126da0705640f00f359bec080a6708b6cebb57e15fe7aed8fe7aede5cf153b146eb06897af7d2e3ed8f4cebb0c146ad9ebafa30aa80f294483d62b681a6af266b4256f44b38010a9bd9c8b8c32a856ac8050906ab81e0a0606540bba5f4da75e1b9c8d7a3976d635010206558399a29a6340213048092c0e132d42c11aa826784272cdf4d67a9f94eb60f0c76680c0fb8d9e5ab096841ad7389c7289c149aa84130ee138be4643477f4629acd53a05de23141480568059b05020fa1815c16182e0e0524f1c1118eef1c22182e0200170e84e5e93dded463878e230db3cf0ce6538749b1b9e3ddc806f7de673f8cd7fb131ff1f7ef35bbcfaadefe22b1ffe3b7cacb61b33f97bf96f4d43ad379dbb673c867c12311c948a9ef064f4f1fa99800c0c05a61ab5d01d964e15914608d8a0c0ba5360f08dfd232828e8dce5afe47a848267042cb66073878b5443a875bd820d0a2ddaf7600d7bf5b4663a7e059e1bd9d3ae5fe34a6078b2f6a279d0496bd610efad2428341575b9036aef5c8913b7dc8513b72d45f5b2b53878ebdd78f2bdb7e0d177bc173502009feb59e787ce559ee85de1838e7b3cf0d4bbeec093b7dc8d63b72e43d3adf718803438f0bdab9cd0b28ed071f634c34e1d2b08a5eb61f027a6a12ba5ec6ee5672c06b6db8c027146f73a2f0c780462d03bd84c4b9d88a103d6fa042a85c94439ee5c3a690596098724eb0ca2c59ebfc0a0e120136b48cd677b5db706a60582490307dbb102c6ba4f884c68a5737a1eef0b2cd6212381413098a219a560b319aa85a938aa05aa8af1a8785c088d2618a2715e2b9a0985b3daa3993018f10ac519af604261053e51d36cfb3fc85efe5cb143e1068b76d47a88fff3952e793f9a824bd823cf431d7bfe0da145688ed0f091868e2ad099b8117da9dbd011b70135541327098593ecd5b78415a1856d6bbd33a0b50e82850104c1a005718da1f9ac736c309093cfb836a4a4f50c4d4a8617944b200826695638d86209f5344d45b5846ba737655afdf33030b0a02dc61b1a08867ada292a85130e61384e95f0e7a1603dd6063bd5b659498a239cb001412ae1e872aa0242e0309dd8e1bb3c70f06e2f3cb5947020100edfc16b84c2c90fb8e04354071d092578ed068280bffdf51b78f5abdfc03ff69fc3dcae47d1159a8536df44583c63d1e21c894eef240c05a49b5843b7d442488a51005abb605df51c67332b18346dd5c417784ff108cd48b228b06b868f426131534a03d1b6ce0a062d4aab57d0992645d0ba5c29b45d517b0f7beb1f5c89965ba880de7b3b4ebce736d42d73c4b17bd6e2e8dd8ea859e6462045e22c1ded44d1065cdeb01b9f3dde882f9f99c2b7a98cbef4dccbf8cadf7d02af7ef77bf8f1b7bf831f7feb5bf8cee7ff19dff9e827f0e59e33b8ba652f5af8ffe0b13b56a1e91dcbd1718713da1c0921170d4bb962e01e7782818e9e8ac2cc361204643c36c16841802a4169325a4d1baa0d4181d77b9d7d30e8198421df309c0f8bc78cd4416a81d98b793a298ff62614cc7090a9ad43423374f2dab653b559e0263810144611f0be69cf63a3200805cd525a302ba4733067db58c71ab7b0aa8445a5b0387ca459491a5a9a8a4de1f7121c924daa6c41613428ca9a2d955038e743a5e04d2850c1f52e5b8d67f6dc6ffb3fc65efe5cb143e12d284f8446a168c92d0442219d329dafa68d06e7510528d05c8a76ad6ea6f357eea3b6b82a345241d4f865e398470aea156c0ec947ad479a194e120c1aa91c9a098a7a4241aae0141dfb296fab8337c3438446032152c7ba96d7157c6ee6e76968a9d697e79e1a06121c0811af14580896d6e05cd47a11006c2f0068ea6abd7732ea95ca823030293104158f44ab4aa09d305008c79155c13846d362b413268e40637d8cceff38c1a00df9b5b259ea40b3904e2cf7c7b1e504c2521f3a3e1fa3100edfe98a8377b8e1c0dd9e7892cae0a9dbdc8d2a38749733ee5bf2019cdbcc3fd4b7786fe5d77ef22abef7f227f1f796d398d8f7385ae272d0199082aeb5a1685b1b88163af84ead5720087a6cd6e945b5e04995e015855ecf28f4d08c6aa092b078102c6e048173287be2212686a020b3d624d4dee388e374fcc7deb71275ef5f859a77dd8dfaa5cea8a31238e5e88b46d7500c24e6e3d2870ee0a5938df8784d0bbe397305bffae22bf8d977bf8f5ffcdb4fcc4e7e7f6979e397bfc2b79f790913a55b50739b035ade4dc8ae51605b4357eed6e1a87f6772fed6dac4306cb3a7343555b10aad6cee3350904a88c278742a9d740e26e4cc5314682620e2e5d4b3ccfa836901202197bdfb6c334ca429a9d372d6ba67dad3c16b96517c26e664716ccf5a43474abf3dcff75e4acec1bc09526b3f050282cfa8edac02d41a4ee2fb34bd75263e1df35409f3713ca65230bbb1512d8c69ff046dde4f5573c12fd4cc3e3aa7ed383d4231ec1686a1b58e984ccbc31bafda13e3fd47c50e85b7a03c1e18863242e1a4b7c6f9f34de0b821c89aeea22ddc9a07492b9c9b05035fb5d1ee6a8a2514e0a47f0eaafdb3cc509182cead6cd3a41949ecf157d3899f62efbe9630a82530e4d46b68b59e29a8a3e39783afe5fd1a9eab4d239583148156339f326dacd64e35d11e9845f0500178f39a5732ef27126069d68d7d3405950a412038e9144d8bc471ad485e540804c3313ad2c38a11acd2d090d610100c04c0515a9d6b0ca1c0b6bcaff50727967b1308b47bbc71e42e2f1cb8dd1d4f51251cbdcb1307a9109ebcc31d07ee70a139e3fe25b7a13926dfec80f6d72c5274bffde1bfe1db2fff1dfe69e222ae3e7e12e7b336a18350ec768942cb9a40d41056cd6b02a82a42d0bc2e104d668734f6fc9d83d0a8e47dcb3d71ecd6b5a8e7f7ee59e183a63b9dd1a860b057387a4212d8d32fc50ce1f391d61e7c71ee32fef9fc047bfa2fe2d7542ff8d5eb66a8f17fa27cfbd39f4613954cc392bbd14ea5d2b06a9d75ba29ad6d1955c435230c78ad55d70983d615aed619474bd58eb5a0e0e28b21af209c0b8ac6642c7be582402c7beb540c3374ead3b199eca167189ba683d64ca02963e9662aaa8e27694a8fa1e1a2091ecff23db219be479098573c8126d530c573290acd6e9a975161cc693d049f9ba022988ab79a752bce14b391ff1c6d2a3699efc8c485887813681ef30fc7059f60022108a73d03d1e71e80d3de2138c37fcfb067087efd831fd87e2d7bf9d36287c25b509e088f46e99277e098673a6a02349b28cf387c93182fa20ccdb4a648a59a28a663cf44b57b1aaa3d33504b70344757a025b6028d914568606fbfc6271327dd53e8fce9e805009b0906d75badb97f9d79261ba7af59490d21b950ce230d1f9d744d402b61a16d386b3c120890045e4f45ab563ab38d52671850481d38c798a9a7d58ee138e1186294c0b1954138ba9a2a605d042d12470889c3bc766c85bf510e4756120a9ab6cafbc7a8100485e3cb0803c50f088143772b8ee08b83540d87ee74c3931f70c1e3ef5f87c76f5b8b876f5f8b4796acc4773ffdcfb65ff27fb6fcfe97afe3675fff36bef9d97fc467ce4fe1e3a7da7071f30318892d40af7f328682d23110908af3296598abda8be71e3888bf3fd18a8f760de093f317f19d2f7c11fff6ca57f1e3cf7f116ffce827c06fff679cfe7fa7fc86ca61b4681bea97dc8eb6e56be8f0ff180a9a72daaaf511aa35db884a41bbc435eb1edbb5f0baa6acf6b9f9e1b4560487c7110474da71d99888b14261963dfbc9b84c4282464058e1a09c448480e9c15b6d3226d5a4be984ecbc198a010638582d255686aaa0918272a7e40f5a0bc4799856681dccc221cb4bb5b7abe894d68eae9446c12eb644c5319c80405654bd5678cc524110a1198d0569c5409c3de0118f18aa0d209c3887f10869d0330e4e0859f7ee1f3b65fca5efeb4d8a1f0169423fc1f347bc9121c72a3530e2c44ad7f2eea820bd04495a0b882b1c852b387f37182e3b8473a4e5131d45051d4531974256f669b129cf049c7090ff6d83dd3fe1d04fed4ae07c6a2d5514d9cf248c649f67e15586e372931b251e747e540f5a0a1a53682c00c27056a2535df2595610b2c9f241434d348cae0e89a101c36c345215403c10604c7a906aa9da370820038b43a00070986a3bc5e4f75a1c56d9a6a7a84d79ebac7c7d8b115541604c5e1bbbdf1e49dee0481331effa00b9ebc791d1e7bff1aec7cdbede888cafddfb5f1c91fe8507ff12bfce6756bcffeb7ac7ffbabd7a864fef738fcff6e5120fe4c7436aadf79ab495b21476f8581d516e12075a0d5d01d6bbdcc22b8168183edb5978216b29df60bc358643226a91226e27330c59ebb4c3990a6e8bc753c4e608c1110138204ed4de5609d323a979263b6e71ce3b9807031910e9fcf9ba123a5c1a0d337db76661759878d52749d90b10598b510ee727a212ea6121aba97906e94c3a414833e23daaa14a612b4aa39d2644a3de31b62f66a1e0f8ec5691e0fbafb62c4c51f5d2b9cf1aff3f3b65fc95efeb4d8a1f01694dacc1ca4100a8f3bc5a23eb81035fe3956281006b266aa04059e8f7a67a0da2fc70c2319d510988763be996824106a088ca6e07c3404e6d0e967e0a427e14005f0e780f01f99196292a3f726181428e6f3dac4a7359a9fa774d9ca9a4ac550a7a1222a8b3a198160868d0404da897551386653031a2a522c4126301ce2b5c3ac4f3845a0da2d1a471dc3f0d43265368dc42987083cb5dc0f87f8cc91d5a166e8e91855c4537779e1c9dba910ee70b542e103ce38f03e273c718b03b62cb919cf1e6bb2fd8af6f2d7283fffc1f7d172a7139a6e5f635659372f73261ca8180c14545b558160605265680aad868ecccc234ff47904e07460347be069848032a22ac09c6bd6208cc56a2d8282c6ca6fc47bb4c9c41c8c1308135208540546396898871058a00298885790d80604d61304ca7c76092ee796196858b3abf2be92e1a565b2f74f00100ad659485227541704d1a5d47c5c52ee25c2461bfe8c538d2819de64621a868322703e34da24ca1b0b8fc5599f70f4bbfb61d8c30f67dc02d1f2c1a5f8f2990bb65fc85efeb4d8a1f01694f6b2f54820141e5a13462814b0572e2814d2d997a25eeb10688283d62e08107541f946311ca32238e19d89b6a8723323e9b87b2aeafdb2d1c4e76b098b6a9fff5a31fca929f07ccac40c92cdb112ecb5444a8d6c445b18558c778ab9af00b4194e7289c54927f6fed9db3fee1885a36b1558161442585b55c2f5603842301ca4b33fec108a1af7583343e918a17094fff613540b75eef1ac23a922fcf01415c2813b3cf0946208b7130a1f74325078f2fd4e540a0eb877c91df8d4c884ed57b497bf56f9e4c9561c7bf7dd66df85760d11ad7031c34466a84870a02a685c4a65b0ce17cae62ae5a07c493dcebee8f50cc699f024cca4146036adc838fda918f6de6333dfb4183a6c058d098d999442930349d353355434c69efc946608f1fe7c4691d977c10c3b092674ea17f32a7029af0cb3197c8e6a6181f545b6b36edc9f651483c9acaa6126be5340516c633236cd8065810ae26206dfa32127b61b8b4fc585d8647e7e264623e231eccbefef1982d31efe1876f3c3886b20baee5e8d8f3cf0b8edd7b1973f2d7628bc05a56ffb0ec4100a0fac0c261472718a8ebd36a8007511c56849a8425fc60e74c46f400d8121b5a0d843b557269d73267bf419b044504904165887953474e49d6e16b76926528d7afeff0dc5209570ca2305d5eec966ad430b3fab3da4c0eccda0194c2d613ce63bb57b9ba6ad56bb26e0844b0c8ebb100626b04c18d0b11f622fff30a1707455b8a90fb2e72f7560661ff1df273390584e382c0bc411e768be5fa934f8bd0984636ba828962986e06db5bb3c0806773c459570f0034e78e483ce78f416673cf27e473cf6b695f868f788ed57b497bf5679f595afa1eed65568bcdbc14c3d151c94ea5bb99a9a975229100e4ad0d7e9e08d0e5e9752b0ac7187c5998e34389ece960e37add06446b5068f153bd01091d5a66d01e70929079db3f7afc56ada6f61323dcf3ab41499624d7b41272e957131a714170b2bccae6b6a2b606895b4ec6246094d70500ea57c42c1364d9530512a0c4d473543461a3ea29999474a87915d8ccb455598a7ea381b9b8ac180309cf10dc0792f8241434732b720f42f5d63dafee106667bfdbf5cec50780b4adf8edd882214ee5de66df21e6988a825ba027d993bd09fbdcb00e1386170d42803ad43c83040a8a14a38e19186d6b012b3a0ad9a50a8f5d23d41834ede27037532df0cf6f0098c6b00781304461978a6e084bb35c8dc4ae7afd94e1a8a32cff07a3debb6707e2f1e0b060a4a9f72b742e19882c78e61040295c1ea101cbe068550a3140ead7e7318494038c16bc7962b754510aad7ead9489c500c2330c3c41b9439f5a86dd1da21059beff4c453777ae0d06d2e384495f0988c50f8d02d8e787cc94a7c6268ccf62bdacb5fabfcfeb7bfc5d9a8249c7cef5d6698a849d350d778a1c391cac0d10bdaa0a7ee1ec281d72c6b7dd074f73a930769203006a374f893490518573cc1c020dd3875d9a4cdae9d13088282868f6453540e5acfb040873f975a80193afa6942e0524e19aee4afc78482c7e9b9b894556814c202db5eca2cc595cc325c22182e6516d3ac80509c414345f374fe17cdfa0405b353f9792926b8acb50bdaf8e7527e05a6099ff331c9188f4ec085e0709cf5a55270f7c319570d1f056160b513ce06449bb891bdfcfb6287c25b50fa77df6f94c2f6db56a231a4028d511bd099bc05ed71958484754dc2710f3a7b9967aa71f8564be5f564b3484dc34ed56e1ad29193d79a053a7e3a7bebb102d3d695ce353c5730b9d6d47c875ba271fa06065145fcfc5cbe8390708dc729deab75664d103450c1a8ed31073a6e07cd2e923ad0b04f380ed1e13fb53280aa2010873534b442b38ae4dc651a3292e97a000e2df7c789b5a166d8a8d6398e900835d3554fb844e188f66556c654290ea985bbbccc14543325f556373ca620f3fb1cf1e4cd6bf0e02d0ed8bfe4367cb27fd4f62bdacb5fb34c6fdc8913efba1bedf74815ac43f35d6ba9101cd1a221a5757e6873240cd67aa161a58698b4362102bd7e113813a14ca4399889cdc6144d7098b62904030581c040412a41e0c8e53dab72d030d364742a9f21240886cba59bf1f4fa1d5828dc8071c52152e8c433058d025c142c145ba082b89ca3ba1c5772d61318541466537faa8c0cebdece17f52cd587e2085a0ba17bb2496de89f9a8d59da99a0088c06c5e05c700c8603c331e41d8c0bce81060c3d4eeee85ae68e5f7deb9bb65fc75eae2f7628bc056568ffc3882514aade7327958054c246d4861599e1222d543be99389a36e9a75946620708260386e2c05c7dcd883a3b3af0ec8e5718a998e7adc9d6de8d86bdd09065a35afe91981a1de3fcb2885e37c4e8aa225300796d002b3a7f311b7041c748ac151a7581c758ea50a88a103a7b326089443e9189df8413af1c3eced3fb522e89a1da6423060200c9ea20a3878cd82706805dbf2f8c97bfc71942aa286eaa2c6259a7089c0c165bccfebc7b4e98e5b2c0e10184fd18e99194b7cd73dde78f20e0f3c719b2b9e24101ea54a78fc7d6bf1e47bd7e0e1f7afc5be25efc7fc63c76dbfa2bdfc35cb33f77e08c76f5e8a5642a14130b8c711cd54078d773ba1e92ee53bf24487933fbabd42d1e9198ae6359ee87109606f3b1d53095a279083f1846c5c602f5d8a41b6a808166d8220988cd5d4542b34a41a2ec4f0ba6208540a73b9e5b858b409d374f8f3b9da87992a20abc428898bd974fed965b8c83697f32a8c92b89a5789a7f3d6e38aee110c0a44cf6728653781109f668eaf68ef054d452510c663d2cc30d30295c759e53fd2569cbe6126919ff68638eb1268e20a03ee3e68bfdd013ffcd4a76cbf8ebd5c5fec50780bca99071f4734a150f99e3b70d4231d0d6115a80fb7069695034901652905c50c8ed2c11ff548652d2314e4f0037250cd9efe09337464cd7924289c2224640285e071d8953d7d42e5a437af69b5b27fb6195e3a4a677f600d9d349dff6182e08863340e52051c7288a4c38fc053abc3f939893c8fc213cbe8eca900ae87c2412a01336cb49a3dfc952138c036e61ea1f0e4522a8435a126415e3ddf71c2318ace3fd000e030db1ce1b1a6af9ef28835b3939e5a46c541557170250141b5a0a9a94fdee54e30100ab73ae3b1f739502dacc563540a0f2cb9031d49456678c35efebae599bd0fe0c4cdcb0c14ea35e368a9139a973a5ba1406b5da16d40bdd1eda1b4e07e668bd0d37e5118a3531f63ef5f0a603c3e1be7a91434a4a4e9a763ff0e0a32ebf0d2288f2fb0ed547a11e6324bcccca4f1a45c2cd0d14fa415624a7b3053115c12288c55f05841e7f5b8c83697595fcdaf347685d7af1214970987a954028a70b862766e2b8352648c45a750c568b653a6895f5ce47bc7a393703e300267fd4230e21580212a8401173ff4bbf962c083b6d40d5f1e3c63fb75ece5fa6287c25b50ce3cf884997d54fece0fe249a73842613d1a080525c43b159887c374ea47dcd3e8d453794c407867511de49a60746368319a632bd192bc092d1165680d2f43234122301c23048e3b27b2e71f8fc3cef1540174fe8e31aca30986341c7249c0e374f84fac0cc5130a0a0b0cb4a75685e1093af927a8089e644fff89e574fa540e07d746120a84800d048b6600606615059bd94747a9020ec8b1f3f9937c4ea92f3465f5a915c178d2387dabaa38b4220047592b105ded16635520848581c20a3f1c58ea8d03ca7574b7270edce98ec76e75b106980986c76f71c4834beec1e377b8e1757bca81bf7a992adf84ea77dd8d56c2a07e85b35525dce988466deaefec6df693565a8e0e075fb4aff484c5c107836109ece1176234318f70606f3f3a0b1331ecfd130a72f8633203082907ab3218a3733eaf611d33d5b40c3399a5182524c662d2e9b07370994e7e36ab14e329b9c6c1cf6694b01d1dbe9c7f61156d032e1554e122cf17af5dd535c182ed9e29d984e7aab661a1b082df4b9f9d4620a46186a678c7057efe02158812ef9d0f8a3449f1048511b700b34f44bfab2fcd1bbdb7adc6471f3f6afb75ece5fa6287c25b50ce3f7c10a98482b6e5fc107bdb0da1e50402954244098efb64e190d480af329d6a315b05da6336a0236e133a13361beb48de8acecc9de84adc82ee844d2630ad856fc7a9309e2204a412eaa9266a7cf92ec2e1c935e138cceb07d644e1317ede71b744b31b9b76703bb83a128f13028fd3713f4ee7fc249dfd1374e687a8200485276d50b85e29c8d91fa442903238a0594502c3ba68546bba2a6b337cb4d4cf0a1363024300a14095c07b87f8390a5a1fe1f732c34e0618fe38b4cc8730f0c4139a924a283c7587071eb9c5090f130a1fba994ae15dab682bf0c37ffa92ed97b497bf46f9cd1b6fa0373c0175efbccb2884ea650e685ae64200501138fb120caea85bea88babb1dd0ede88b6e059b97b9a2db270263ecdd8fa7146032a9103389ca5f944b679c63ae6baf84093a7a81613c260be7a3e9940980b9cc62f6d6cb3041757041b392080bf5e2c7a83416a80a048b29de9b4ba56514111c541374e472fc570a36e099e24d78a6622bae1064174b3660a18070e0b59736edc3876917d96e32351fb369f96615b454825651cfc4a550a1a458a7b7f2dde783acd9524ffb04e234a1d0ab1de55ca8120885eedb57e2e96df79af427f6f2c7c50e85b7a08c3e7604898442ee929b70df527f3aff3203859aa07c54fb65130095e8a5e3ef49da8e2ed672fe824157c2161e6f8625896048df8e4e5eef8a172c36a23389ca21b20cc7145ff04a454f421586d3b6a125a4c00c0b3db1228caa20daecf13c9cb605fdf1952600fde48a50ab3a905258c39e3de1f004cf0f3a46e1b043140ef0f810af5daf140eea9ade473bc0e78db2708cc6e1b5540c4a51b1dc0a0005a08d0908abfd4dad34185206c79ca2ac416b42c3baf08df71498bedbc7cc3e3a709b1b0edcea81276ef7c0a3b752357cc0154f111a0fbe7d055e6e1eb0fd92f6f2d7283ffdde0f71520bd76e5e86c6bb1cd0e8e0816e93ddd5cfa883e6bb1dcd5052036b6db863616f5ae9bd95406e3c960e9f6a612abd04b3eaf9e75760814e794643429a51449b2428c6a920a6090f0d0fe9de390d33511d4cc566d032314e585c2018e6b3cad8932f85f661d054d339a5b0c82ec64256112ee6965121945be309655b70a56a2bae566ec395f53bf0c2e67d78b66a17e6f3a92672d7e37276392e66149b774cc5f373e25331ab9948b1c90406dfad29b4543a1782a34c7a0bad53e855fe23673f0cbafba06f8d33464213f18b1fd8b7e6fcd36287c25b50ce3cf4980934672f793b76dde982fab07202813d7dc507bcd2cd70506ffc46f4a6d0f1276da312d84445b015ddac75bd2791f7e8d8bb9336120a1b786f037a79ad9f60b04455988d7bda622a70be601f0653b79a194a4fd2811f718a452dd5c129ef642a8a483cc61eff8155a1788aeae1c07526403ce510611cbde20bba7f88f5c1351a72b219db98350a32bee3105585a07058eb14562be6405ba5d417d6456de6bac97dc4ebfcdc6aad84667b9d2f2e76931d26500e2aed85c070abab9992fae46d9e38b694d7eff2c6de25b7e3b847147ef71bfb66ea7fadf2ed973f86a7de7d97d933bac73d18dd9ec1665bd0fa7bac9bffb7aed022361734dde36c868dba5c03d1bada03c3dee1261bea5c161d70361d714e259d76152e176dc2d3259b596fc46c4e3926098179f6f0afe4579a350aa35afd4c0098856dac4de0d904a133e8ac098e5c0d1f659bd947b3ecf12bd0bca0a9a7848e0102df73554349451b70959ff3912dfbf05cc5365c2e948ad88ce70a37e2690d2d09226945d695ce540a26195f6caa498d319f994710a562342c0ee702a816bc034cb0794460603de844b54040bcf19defd97e257b592c7628bc056568ff4388271472a814367d60156a82b52d67118e7966100a1938e6966ad627348597a13b719b8143b74d1574130a5d54065d29540f895409e67c93b9d6c3fbfd5411edb1eb514bb0344795a03d8a0a84ef7c6a758489233cc65efe63ecd93fa10031cf174120c7bf0887270505f5e2a9300eac59bc4728d840b008066bb059a6f5096ccf76875607d2828c2dde3fb22a8c6a800e9f8a40a6194a27b4aa79ad16bc05e3f87550901d5ae68f03777b100c84c2079df1d8fb5da81cbcf0e8fb9df1f07bd760df923bf063fb10d25fad7cf8581d4edcbc943050da6f5fd42fd30c24a5b77046cb8a7568a299f50bcbacb390ba9da922567b61d83f0a7399ecc1b3f77f296f23ae166ca6a3de8c053a654d2bbd4c877d853dfaa7cbb761ce4c33cd33c16601c12c70934ab041c1c081e7daad4d7b364fa4e49ae0b3a0304bb5319f5142b5508a4b848c1cfed30555789ad0513ce1f9f5dbf07ce5763ccbcf7aa674b3195e32f70aa4184ab120c54225a2d882f22d2933eb6cba7232a563223c1e1702a330e4134c85e08f616de04fd33092d2827feff9976dbf92bd2c163b14de82d2bffb0103853c2a858a77df89ea807c348657987842b57650f3cdc2312a86a3268b6a9ed9a6b3476048d966868e2cc90444fa0e74a66de7f91674081836eb9569cd436c25ea430a50e397699d89e4a8c071149d3e7bfe0a30131287581f36ce5c09ebace707755f00a05250efdf2804ded375e528921dd2ba82b5541e84805635ebda613e6b7d9f548216b55121101c4765060cc17f645af7708ca605709a922a3b4e5342bd6354155add7ce02e25c573c5a31f70c513b77ae07101e2834e540bb76076a73dedc05fa3fcfef55f63242617ad4be9f857b99acd7db4e566cb4a0141b38eacfb35b7a85632bc156e666a6abb832fce06c7b3575f818b04c1a5922db85ab103cf6cd88367aa76e352d956ccd1715f9283e6bd693af569f6daa793f331119f8d499a49b3adf50b094a89ad619e1cf6dee9acd30505c5270805d6d743c1a805cd3ce2bba514ae946cc2339584c2861d78ba622b9ea162784e7539bf4fa9e040e592538a792a10a5dd5eccccaa69aa3329fcdce814b3bfc2885f88510a02c269776b8ca1f32e077c6572d6f64bd9cb62b143e12d28dd5bf69a9842c1dbde81a29bde8fc35a411cb7c1ac6c3ee19b63ea6a5367e398a6907a67524d14a1956aa0377b0ffa73f7a12b63276d077a3277a18b7030c1e7d46de84eda4a28485d6ca38ad880e6f062981dda08194d5b3de8104d3058a170784da43139f34533ce7d2d4dd3531da2acc7baaed5c8ca86aa5c47eae13b46e028cf0506a9070144eb1bcc6c243e63350281a68479d79b40a134194aadad1c48d7df3b41d8680fe7a3267baa379eb8433105573c799b3b8d70f8a00b1e7ef72a3cb864395efdaa7d31d15b5d7efce9cfe1e4ad5405ca7744185cbf0d67eb2ac280a0902d5ed34e6d1debfcd0e112840b11a9b858b00197cab7e3e9aa3d7861dbfd7869f743787edb7e5cddb08b60d8864b455b70b9701316722acdbecdd374ce4a9c3795906782d2534934535bb7ee5460da6ce5994227ce730d2169fcff7a28482d5c55ec405028a3e3afdc8a6737ec248c76e2d94a9a6a9a6021383c5dbcc14c6bd55ed0daf85f9bfd98d418693cd7f69e9189381b148161ef200c7b06e1b497d53a6e5f89cf345b6cbf94bd2c163b14de82d2bbe33e0385a29bde45b5f02e3cec1c8df6b82aaa827c9cf0ce2510ac769c6038a6d4160204ef9d0c2e4483a6a112201d5408dd540f3d84435fd66e03870e81408169424101ea5e42a287ca42db7b2a08dd4240542b7d866b129ed2cca2551a2e52ac804627ae5ac346b2c38e5138e2a4194811d6a124030b5e27080ed9cc4042aa81ce5cf0d00ca4a374ea5630c8fe0328e89a838c6dafbf2e23608ead0d36a615d19aa2fa1861f0f8ad2ec60405654fdd41b570a6748f495d6d2f6f5db9bced011cbb79295ad6ba1b87df7a3d008c59a1d06200e18c266dd1e9e86376981b8dcdc265aa80cb55bbf0ece6fd7879cf2378f9de47f1c2f6fb8d62b85cb11d0b540a170b36612ebbd2a885494241eb1126e8f01580966996d264b20d0a520a0a4ed30408edd26692e45165cc29f791869004062a94cb8554012502c366826127aed09ee177794edf87503256496095f13b1220662aaa7686d3fa8864eddf402824f13c2a1967032331e4156ca030ec15480b40f77207cc15aea79cb2ff4f777db143e12d280dc51b4dea6c4141c1e6fdab426089af3299524ffad1f90b0a3e04415021ea22cad1105e8eba9012a3208e53559c64cfbf21b0908ebe1c96b88de84c2100b27761b0e05ef45145745241483df4d1fad3b6a12f752b8fb7619000698b5d8fe6c8623ecfcff04835c1673974135056b0785d8c59dc7698d70f3a45e1308175c439c640e2307bf756a3721010581f7788307038c2fb279ce3717c6d9459bd6c35aa00edc6e610621480498fad6b36935ad0fdc57b56a38270647b4702430a64991f9ebc4bb390a81608850384c213b73ae1910f3898a0f33f4f5eb5fdaaf672a3e5c75f7905351f5c8326ed99b0c6036dab3dd0ae7a95075ad7b8a1792da1b0c61dadabdd784e50ac7146f36a57332ba9cf2b9c8e3c9fbd71f6ca05849d1fc247f63e8a97f73e8297b63f88e736ed37ea41c3480b458442fe06cc64956332bd1813520129f9d76c92a6e122655a9de13b955c6f26c33ad434939ccbebda8f5959528b304f282c6459d58202d757a80214b77876c36e3c4db5f01ceb1737ece3e7efc1b3b4e737ee212476e0792a8667940c2fbd9020d0fa07e559e23bf939f3c9d9180f8b35a92eb48bdc8836f2f709448fb32bcec624e30f3fb1af93b9bed8a1f01694a3ec01090ac537bd1b3984c28e3bd92b8b598f5374fc477cb2718a70688ea9447374258150865366aa6a0e4ef9e7524de4a0d62fdb80a1da2fcb6ccf59139c8f3a6de81fb71edde93b3098b30f7dd97bac2a227327faa9227ab37661a8f03e9374af37650b7aa920bae2f91961855076d56aef341c774f32292f346ca461a5831a4252efdf3916475de24c7d785d145502a140876ea040181ca31d254c4e2a579239b7e6493acefbda95adda51c34584c4ba481a6bedafe01469ecd83a82816db4218fa0a00d7b4eb2aeb64142c9f54cfa0b81418ae103ce38f0012702c2190fddb412fb6e76c4bffdeb376cbfacbdfcc585bddff9929d38f9ae3bd1bc8e4a608d179dbfa7150a0481acd581f55a82822aa2cdc18d3581a02caa0ebe18f08ba1e32ec3b31bf7e2851d0fe2c37b1e35f6d2de87f1e28e07f0dc967bf10cef5da25a50bc417187999c0a4c65965009145b33ab520d4c692d01d5c36caa92e269fd0081a055ce5405b384c3742ac1a040b1aef37c8e4efd529675a5f382d26a4b2d146fc60b8b0a81f6fce67d7889f6f2161aeb1737efc5731b77e1eafaed66b6925266cc2a1d86a6bc6a639e747e8798149c0d8ac219ff708cf88662d02718bd1e5e2605c6afbefc35db8f662f2a7628bc05e57078b259bc5672d37b90b7e49dd8a4de5934a1105689fae80a342756a22eaa02a7020a705290f0cbe5f19ba61dd8168f05859304c6495f8182c6b6f5a12568d7da052a084be26674d07ad277e274c17d18ced96314c300cfbbd3b7a02f8710c9db875ead69882c458d6f064eb82518277fd821daa4c2d02236d547a8208eb9265045e8ba1483b29e12088ed174ee31a8f11054224dacc1408150d1b4d3631a8e92a2500c81cae39860a0a1a535a15419a1060c47591f591d6c02ced5540826bbaa6d48496ae1f0723f3c7e87071e16103ea85949ac6f271896dc838796f9e0a7dfb64f15bc91f2c5f1391cb9e92eb3914e131541d31a6f3469039d6bc3451a46220ca412a80e5ad6f05cc72ba51a3c3118108fb99c2a3afffd7861f7c3784943473242e185ed84c2664161172e52295ca2d3be5cb405d3d9520a848202ce74f6828236c99f1418080529060d1b492528f5c50cc16082ce6ac77bdadc5f5360e7a928040d2d72bbc8775ecaabc473eba912f87997355cb471375e2008048497b7eec7f302d4b67bf1fc8efba91e76f37b6b1d4416e65294402f1fb3540e172212311c1881330111381f1c8d73a13118090841e77247fcf0f3ff77b683fddf5aec50780bcae1d874241928bcd7c4148adf7d379ad9cb1fcc7d00ad099b7022281727fcf3501358845a594021ebebadc0ecd7fc672d20cf0a0a5a7d68115a0919592341d11da7f50ed6c56ec304c1b9f20770a6ec7e9c2edc8f412a8b41aa89fef46de84aa8426b64091a020919ef548220de0c2bc99424efb87ba25915ad750c8b01e663541035ee0938eea4a1a608a322145fd0ec2401e20461709c765460e0f56b3105135fa09a58540ebc76c45c7b5339982cabbabed40f8f7e4039916866237f579cbcdd0b1f7ac71ad486e6e097dfb16faefe97949f7fe9151cbb6d2dc1bb16163afef6d55e6859e78f66aa84162a01e3fc595b878e645628b4f07ab3722039fa60243c050becfd3f4f55f0a219367a0c1f662dd3f0d1f39bf7e3b94d7b71d5a614ae685a2a95c20ca130ad856e74f6b3e9c546154cb2b73eaa784356296672cb080f1e6b9827b3d8ac81509a0bd533262651686c9e60b99446c5a0a1a4dc0af3fea737efc182a6a66ea06ad8b217cf50293cbbfd3e7c74dfc3f8d83e026bd7837861d31e5c2dde68d643684692d9b08760182314b4ade8699f509cf10b2718a230161669526a7f717cc6f6cbd98b8a1d0a375afef0073c119164a05044a55078d3cdc85e72338e0466a03ffb3e34d081374595a12eb8183541c5a80d2e35f184fae022d4052d5aa1d9be73d10483c5e306e547d2863d81f94651e85a7b74395aa83ceac3f95e82c2125785ee942de84ada004b7c257a92b660287d17460886b379f7e20c813192b31b43695bd09b50898ee852b486e4a351a9b83dacc9f68e7aa6a0da23999088b52e80638fde6cc263869fa82ca80e8e1214da87e1a4f662708d3540d0d092765c33b38f68dabf7931be50ed12c5b6048fd26a3bdaa0a0212882a181ef3eb5361c8fdfe66116b43d769b0b9e20140edfea8e1377f9a13320134fdf771cdff9e4e76c3fb4bdfc77cacf5ef93ad5810f8edfbe026debdcd1b9ca9b3d7f7f585c02d1eae06d36d7693343481e3cd7709275c31d05a2db796e611b8b730086a97e2f95efc087f73f8e97ef7b122fee790c2f5131bcb8eb437861ebfd787ee3bd78b68a0eb86c1b2e522968baea7c6ea581c24cba866fca309ba91dd5789e4d1814549929acd3ecfd0b06b3c608908c5202a1020bb9555828d8c0369598ce2fb702835091a2509ce152e106337cf40c3fe779d6570886a777ece7777b141fd94f58ed2410088897a916747fde645fb50e455d1414c2e23042289cf58bc059ff709cf10fa385a07bb50bfebeb6d5f6ebd98b8a1d0a37587ef7dbdfe101af50337c54fcf69b51f48ef7237dc94d78c435023de97b7182cebf39aa1cad519568082b27140407a5d5260c428ae9e4653cb641e04fad9e4090090c8dc15415048676766b8c5d8f8ecc9de8ceda816642a2da371bb53e9968a4a26862dbd6b062744496a32ba60a7dc95b3198b603a7d3b79b541943293c4fda845ec2a493dfad2594500acc454340365aa96a1afdb370c42516879ca2f01481a080f549aa891acf64c220c1646155d23c6b9cc11a6b5884c2f526101cb5ede76ce04060680d8449c1ed4cc0e8fdf7f8e1e007ddf1a87222dde68c032b7ca95642d01c9985abfb0fe3b9874ee1f913edf8d117fe057fe06f6d2fff71f9ee27ff11873fe8889337af34f102cb4a1734adf644f32a1f74ba04a3d5d1d7a805c51164ad6b3da912bc78cd0b6d4ebee874f22324bcf8ac0f864293b1504628dcf7045ebaff005edeff243e7cef13786ef78770d5c413f61104bba826b45e61232e976dc52c7bfc9329d69418130a38cba9131497b4d8cda4bf28a31a28c53c81b1a029a8344d63151ca41266e8fce7f30888c24acc155761be703dd547990183563c3f9357858b99e5b894bf012ff13b7c74cf87f0d2ae07f0fcf6fd7889307899c71fdef9005ede7c2f2ee6f2592a0ea5e69e4dccc4b9c0088cf8120afe82826a5a60387a1ddd71b17c0bfef0c61bb65fd15eec50b8c1f2da2f7e81cd4b9d91a1e1a377bd1f05ef7c1fd278bc77992706b3ee430d4170529be88495b1775f89a688321323a80f2d36c3418ba68dfdffd80a8dd58759cfeba4160809edfbdc4667de4867de96b8091d299bd114536ef67e6ee2fde6e03c34510534d0b9d707e6a02e208750c9331bf9c8f95ba85a3a622ad01d474591b0c1586f7c150151410551024b44117a78dc9db01e6d51c5680acbe7fbf24c3a0d05a9a5188e1012660889ca41f61f41e1b82db670944e5e9bf0d47826111071384425a12126edcba0c0b349aca7980495c453ab0271604d301afc92f0dc9e83f8bb631d98def0210c50e18c573e882fcd3e83d77ff94bdbaf6f2f2a7ff8ddeff099f3e3a8b9db0d757738e094b32f2ccbd9fb27101a1c3c08050f74b805d3f10710126e68e3b5d635ee68d63092235584eeb90410143e68e3331d8e7e18094fc5e5caddf80881f03c95c20b84c2471e3888971f388067ef7d184fb3577e65fd2eaa04414189ebb6608e5050ec6034bd10e35404b3ecddcfd026b3cb3193566c8060d4034d309897b357ec80aac06a456c53487814122665b85cb2094f176f3269b4c713733012918c33912950105bd72ed1f12bb0fce2963d7879e77e7c78f70304c543f8d88e07ad29380825edc33019978a334191665aeab980080388f3c191381fc273f7005c088ec7af7ff973dbaf692f7628dc60f9c1b7bf8d0d77ac41de92b7a1e49d84c2dbdf876c42a1eafd2bd19dba0b0dd11b0806aa81d052d48694983d16048606edb5609c7f311ab51d27db34f25c9bf22c8241c7b5215655a1e1a24e6550a5354657506d14a23dbad2ac87a8a3b3d7d4d4969832d4855159041308d72ccf40a1de0609655b6d1424a40cae9de75259e4a38dcf36b17d33dfa7fc4be70af761ac783ffa92aad042d034b35d836f066a94d25bb392aea985ff000ab41334cd58d26ca4a3540a351e09a8f74e41b56b2ca1c17342a221200d355e895042bd83f704e0c4ea30745099cc94df87171eabc5b9dcede80ccc429b7b32eadde2d1119c85170fb5e29b9ffe1c5effe9dfee1fb360f0f5673f827eaab003efbad3ec9360710d40b3d91321042d6bfdd14825d0b8da1d1dce81b0100acd0a36af71333bae5908028b6b305a088106a31aaca6eca9674253f14ce51e7cec81a7f002edc5fb0ed09ec4f3f73e8667f77e08cfb397ae61a4a7a916a6f3e8fca91666940729bd08170982cbc55b30935f85313aff49c180a634da1a2e526db5125c94e3161868ca983a97a50caba5661b4ea5c150e6d59188249c894ec3684a1ed54721ce45a5a0df3f0a67c30988a47c2a87f578b66a3b5edc791f3e42287c64e743b8224899771762342a112341d600f305594814811065bde6178689e004fcf81bf619488bc50e851b2c5ff9cc67507eeb72e42e79174adff63e14bded16e4bfededc87dfbada8676fbc2d7eab1926923a580483552994a096cedecc48f2a5c30ec8356030aa8056135c889a40e53b5a6f16b075266d3101e606e540e2738d848592e429cdb682d10d0152237c3eb214cdbcd7486520e7afbd9a9b83a8126852112d04453b1d7cab14857f161d341db2768173553c211135dee9a8d7b4589f4ca32e9a228ad9be00dd9125669f676dfb6921405ab4f9bf9316b7855f0707aa073353c966ecf957f3de295e3f49d570dc21d86cf179dc298a0a268df0e1f7f6cdc249ed0fc1b6270983132b82718aef68f14dc6606205664bee475f2cff4d5ec968f74d43875f1a5adce37082efa92544faf88ed97b0fe2b3179f3129b87fffdaaf6dff65fedf2cbfffe56bf8fedf7f169f3c3b869ec8741c7bd7dda8bf750d5a1cbcd1e8e88396159e685eeb8d16b720b4bb87a2dd25048daba800d6f8a15dce7f1561e01a842ecf30b4b8049aa123059b3555b59deaa1453392d6fa62243809cfd0e17fe4dec70982c7f1d2be27f012eb67763d88a73759878f9ed9b00f4f131c97d96ea6642ba6d93b5fd04ca4c2cdecf597d32997d2296ba8a8cc0c19fd39bbc4360b04c55c168d5059c8a19250b0392a0d678362d0cf9efde990189ca34a184fc9c7584a01ce47a66294b0384728080cdaf047c34b4f57ee3031850f6fbfdf4041c35397920896d058b33da732a68e299d3655c37030cf098bf18434f4b8fae25bcfbe68fb85edc50e851b2cdfffea5791bae41d662a6a89a0f0f65b68ef461a217198bddbeed4dd74e4655408da89adc26450d55a05a5d6162c4ef9e7a38676dc3bd3b4698e5e8f1ad6adb11bd193b2c3e4476aa3e3d7a63df574f64de1c56891ca082ea07a28a772d868b2b00a140dbcdf105644c7cde70988663a7363a16c2b3541d0b46988890aa1c12fd36cfaaf8dfc8fbb24984dfeeb1578f64a638f3e164faea483d63a078f143cb94a41e304b3f1bf662e1d7789339bef080a8b4348d74c60a07278d3ac6a41b393348c74ca29864a83cf5319348764a381dfe1a44b8c6953cbe76bd745a29e2aa2c53b09eda1b93897b503675236a0c52f1d165a873f2d301dad41a904442a2c6e0968758846f3ea283451c1b42796e3d2f116fcd3c4257cf3c39fc2cfbffdfdff5f6660559effd77ef22a5efbea37f155fe5b3edd3b8285fb9f4057443aba09e2e67739a2e17667343978a1c1894e9fbd7bcb1a5f3a7f0241d34f152b70f435c3469d1e616826201a09038b4728ba3d23d0cef6adabbc09026db0e36582cced520bb698c270503c9e59bf1b1fbdff49a31014537879efa37856ab99b7dc8babeb7761ae680ba672ab586fc695cadd786ed33e135b98a4b39fa2b39f637dcd32ff0c14e8c867a80ab44de782ead4028c0b06c17118f28bc25060b4d91f61228ed742e2714efb352466d3a1c7e002d5c33815c35864322e4427437b440b2e2f54ec34fb2e5c2ede64662e2dc4656194ed47430903c26124280a17c2e231939881f9a42c9c8f88472795d3e79a3a6dbfbcbdd8a17083e53b5ffc92d98ab38010287afbfb5078d32d287efb7b088a9b70bf73187ad277a1316c3d7bdce5688cac4063c47aa318cc391d7d8d998e4a65104435416074a7edc460ee7e0ce6dc874e424190688c1054acb1883a02a08e8e5e31060d4375266e340aa3858069d25014add976ac3c499a8ada14ae40769e0942d751019c94e3a7033deccc1eb76732550615834fba09226bcb4e6b2039dacc4caaf1cd34eb1b8eac8d3653568f11089a917454c347eba2719c26182875b64cdb759e584b1818f5605d1d7d68ad663245a39ebdfd262fbe93efd0fe0b7574fca708973a02a2c683a0708a442dafd76b4889d6e89b82a1942a8c656f437b700e9a7d53d14ea520b5d0e997424824a3cd3f052db466b66d22245a3d0813cf147444501945e51b453292b31d57ee3b8acf748ce0479ffc1cfeed9bdfc1ebbff85f1097a0e3ff2d81f5d3efff003ff8e2bfe0071fff2cbe303285e70f376062f3fde8f14f449b4724babc62d0b18c8e7fa91b1a577ba0d925086dae21b03807a2699d37ea1dbd09003af9b57e74f0deb0b0eea032685ded83da551e84862f7fb738f487a6a2d387bffb6aad59a062e0fd365a2b9f69235cda0507c5151c7c31e81f8b2be53bf1b1070ee0e5079ec247ee3b6016af3dbf8d50a0d35d28db8ed9023ade12ed82b609b3f91bccea66c51094f6e252de06cc65975f375cb4080602802ac2ecc74c553093a3856e79188fb6c260d8370a837e91b84067af6d3dcfd3e19f0e89c61902e25c442aa652d8f3a7533f1b128b73541072f0172212703e3c81ea221d57722a082c7d8f0aeb663e3169180b8cc568501c46f8cc58423ae6b47622964a839f77263406c3aefe78be6ab77dc31d5bb143e106cba7672f99bd148a6f7a0ff2df618542c9db6e463aaf6dbedb11ed499be9bcd99b8fa47327149aa336d0c95b6722c9c9d7d0b91ff1cac4319f5c540716a13763af018225793b3a940b29753bba93b698f417edb11bd01a5d89a6480285cf0a2c52118a4d34494568d888803070d050928e234ad0122d05526282cfdac653ab9deb0808c50eea0373719c8030fb27080674f8c7a8148e39684573126ad93bb72e662308d8cb373bb2ad8b43b580e212cfebbca6fb84c17142410bdc348ca4d949caa1a4b50c0d3e2968a423aff1484635db0a1827a8329af9ee5366715c28d54294093c9fa45290e9fa292a88b6e06c8ce7ecc07072259a0332cc336d3e04836f322cfea93c2710e8f8bbc373d11f5580eee02c588232d04d20b4f17a677006eabd1370ca3d06f5b4436b02d1e09b88ce18f64acbf6e2e3875bf18589cbf8faa7fe013ffdcef7ccda883fbcf116280bfa97dffdea75fc82effbe9b7be8b9ff0dd5ffee8dfe173f357f18fbde7f1d22327309db3157de1d9e88bca4193077f273affde986c58bc23d1ed14821eb708f47845a1c7371a5d3e91e8f00c85c53d188d1ec104432015833fba571104ab7dd1c09e7f23ad85bdfc363afdb65574f674f8ed5407ad7ca6c5490a21166d2e2106282dce0184890f9a0481356c2b8560b336bea3c72b1273f99bf131aa840f3f74101fd97f002fedfc9059b476b17c07e64bb7192571955098628f7c8a8e5f2a614271053a7f25c853caed79da2ce1a075080b9a7a4a206858472b9bcdae6d91293813c41ebc5fb481c1693af9b1c44cd3f33f1b9a80c1c0289ca1333fcbdefe19aa05e54a1200ce85c6b1f71f6fec3c8f6572f2caa374b58c50aad882d9dc329c553c228030084f367b3d680bd0b35109061017f8fe73540a5ac4361a9288dffccc1e6c56b143e106cbe453a790b6e49d060ab9efd2f0d10750bee4169303a9e03d1f446d4429dae376a089cebc314a798aaa78be99b56622493594e028a170d03505473c33511d508096b80de84ed94918ec408f32a49a2ca9dbd197ba03fd5412fda93bcdf52e25c8cbda8d36aa85364d2de5679940361582a0b00888a6b022b44797991de0d4cecc40a23506e4521d689aa966056918894e5e4a402b9d1d6371924ebcc63f83ca8000501e2457dea39dd0a23747eb1a861382034d6038424521f57058f98e089046df34b407e5b04ec531673e4310d46af888cf6bcf6739f81a3afe6a290b3e739230a921584ed9ac96ed15581e882bc364e16e03868ed03cb4f23b3551193453197485e7a13fae183d74f2ada182462a2c21d9184a284567603ae191829e902c7487d142d2798df77d12d1ee158f36c2a2665d386a5606a3d33d1116aa98eee8425ca8bc170b8f9dc00b5da7f1b58f7d1adff9e8a7f1f5e73f8eef7ee21ff1837ffc227e44fbfad50fe395f9e7f0f5673f8a6f7dfa9ff0cfcfbc848f9f19c7cb8ddd78f6402d16f63e890b45fc6f155f024b00bf876b2c067c92d1b83604d52b7c51ef124a45138dee8078f484f33b0627a3372c0d83d199e80f4ec49970822f86df97754f6022fa7ce3d0e7c5f61e1168f708a76327209c43d0ea4c874fc5d0b15616601443a39cbc5310fabca3d1ef1d030bdbb63b0563c8979075a2ba70f4472b61d1e216883667aa0ec2a5758dd63378994d763a9cfcd0e5118ae9f4727c64df63060a2f110ecf6cd96f8689144f786ec33e5c2cda6256309bc56a04c3d5123ae2bc2a4c511d4ca7531db016101672b4414f1566528b702186ce9effde113ae1d3c109b8e09f80b3fc0d86e9d047e3328c6a1825104eab672fa3b33f1b4a072e3084c411249954118918d11012ef8d112213e189188f48c4391e8f46a7103e25045205e192c577a6633221cbe45752a2bc336c732e9ccf515d4c862561348ccf4546a2d72b103ffbfc576c7fd57fdbc50e851b2ca79f386a16ae95bee366e4100a8537090a1f40e13bde4558dc84273cf8079fbcdf4041a92f04853642c112bf052d3c6e8ca8302b9a8fb8100a1e1938e8968613da692db68af7d7a32dbacaba7567e21603020386f49d18c8d885deccdd182cbc1f83b9fb30c86bfd26d5b6b6f9dc084bac1500ad8a4f100c2dc11a6e2a4597f66650c09a0aa1895068f6a3d3f6566f3a0db55ea9664bcf6ab7440388131e493845c72e48c8f16b619b92e929658631824060a866db537a86d734f454eb9d8a36aa9216ff6c138b384a80e8f96aaa865add7788a2628842934faa35be409552abe1aaebac96206a2440ea1d2350e31e8be1d42a4c97ecc385cc2d18882f476f62058693d6632886ce3f281b2d044f9bbf869532799e83c184328220171d54179d520c81540f2139464974c98232d14567dd1524a3030e4841877f122cbef1a85f178a66e7703a2ab6f1242c02f93c7bf45d844b7f643ece27951334e9e82684ba7c93d0b1260cddfcf7f4d1f1b73a04a37ea52f5a1c43088208747bc5b2a79f801e9f04f4f925a19bc79d542a8311991889cfc7e92802cc3f19fd84d7003f6f24ae90df3f15ddfe6c13988ce1d0740cd1fa78dccdefd6e511458045a0cb2d1cdd2ee1b0b8855109d0e9bb6aca299dbc1486868a8212d14528b4af0b4117ff3d6d6e4118648fbcc73b1ced54090a3a1b5ba76d39834c8ca1dd06840e173fc227046309857871e743060a57a9129edd7a3f5edcfe00ae54edc154de468c6b911a55814c49eeae166dc6c5fc4d984a5bbc6e9d7534af447989f9180c8ec7e990049c8f48c505058909bfb301d6f3f1d47c4ca4151086c938eb1f8b5142f25c28e1281540185c30433db1182730c662d30c2ccef15da332b61b0d4f32609850ac81ef1e0de17b785dc3505304cd59298f308280f727598f130c53ac674293703e8ab075f7c12b3de76c7fd57fdbc50e851b2cdd0f3c820442a1e85db720ff9def2714de4fd5f04114bcfd3d6608e9fe3541e849d98396e88d688ede80e62882808ebe2b6d1715c12634502d6828e9b857360eb9b2474db5f0945312ea943595ca424344cd340d1b69f8c8a23d9c090805a09539b53fff5ef4e5299bea5e0ce7ecc3999c7b719af550d61e0c121a035416521a9d71fcfcc812aa940aaa09c51d6c4167c142b38c344d35201b757e59a8f5cdc449ef749cf249375356abdd538c5a30b1042a01c1c00c25d18ecbe1cba8304e79a7a09ebdffa600ad944ea2a288c649b639c5e74e1218d53c3f6533c51e9ad8bece3d818088b4ce5092ad935a20244c4db5401029eea0a9ac3d71a5982cdd872bdb1ec7fc96c770a1700f06922ad11f5b8afea862748512a674f64dc119e88d2d466768b6094c770665c042e76fa172d0705267a8540301414561ae0566b2a74e074f307451490cc5e4e34c6209fa63f2d01e98020b9d7677402a5547127afc53719af78de3e67937ef75f2b99ea014f485f01a1d7877703a7bf7a9c6fa82d3d0cfba97e06927747a78ff746c3e46a2f3e8e8d3d0ed4d15e09f827e3f42816dcec4171ae0f4f19d4304c3009de64070129f4fe235aa099f7874502d74110c3deee1b43002228c8e3c94d0213ca9360404a98956971074f25e8f2b41c0e3015eeff62128a82cb4bb5abba32fd5810f958215109d540fdd5e7c37adc7270ae762737169fd2e33ebe8a3fb9f3089f116cab6628a0e7f2a9d20c828a74290551004c5262dc67cc956aa070221633dad0233bca7456de7225331e01fc31e7e027beac966aae9f9984c9c4dc831595547a920460889f374e6636129b8401314ced1715b8d00098dc7786c06cec565e234cfd5cb1f0fa5daa09d67db312a8689284181d705090241e92dc6a91646b547b46630f1b3c7786f8c6a634c80084fe531d5888b3f3ef664b5edaffa6fbbd8a17003e5d7afbf8e47f83f61169d7ffe3ba912def50114bde316145229140b10ef780f36dfea888e842d688bdfc6deff16b4c66c42638ca0b0d38041501028ea424a71d095bd7242e19073320e5131b44555b27da581c3a21938102a0244bbf67dd6e63cda984749f10881d3d9f76224ffbeebec7e93386f48d0c8de85d3797bf9cc76f46a45733cdf135381f6a832b469565368115a080b337d35300f4db4e6b022d4f9665b83ce9e2938e59e8c936e74e432e7783a72c2609d80114390a498a0b5e07152339a6472ea0482661d2d9a868e3473a9c92b19f51e895658f05c2b9c4f3947a1468a42b105038918d45165080c0a54f751018c646dc1f9ec1d18cfdf83e9a27d982dde8be9823d98c8dd89b18cad389d528591ec4de84f28a593ce45776016950015011d7477287bff1a4ee2f55ef6fa7b23f2d14da52138f444e66224a90c43f1c5e808c93041ec2ec52bf8acaccb0695c1b82202258b3df254f4eb3eaf77131e72e4bd04501f6134109e4348b08dee11247d7cee0cdf7b3ea594d0c92338040d3e2360f073fa08973e9e8f1018fd5420fd3c1f08241402098580449e0b1e3a173c928d1ab07847a0cd23141dde1a8b27502233f98e04583cc3d1c96b3d04408f77147abda2088e082a057d468251153d2ec1b0acf33541654d416d770a4027dfd5eb178321f5b22333309a5080b9b26df8c8be27f0dc96073099b7011346011004b419d574fa73d90240b999853457b61dd359eb319755656c569befe456623c81bf2d7bff6782127086cedfc0816098cc28c159c1813df6313ae8519a36f7316ac258f29b1646474f285c48ccc1199e1b874f006828e8021dfd791d2b401d936ab5e814b397c224a1a0a0b582d90a464f44eb3e0161ce33301943380445134e25f8f5ab3fb5fd75ffed163b146ea0fcfcd557517e8f0372058577dc4c08bc1f25eff8004ade7e2b2a6ebe8d80782fef7d10a742d8b34cdd85b6386dabb919cd311bd114b301c3b9fb4d7c41535535ac74cc9b6ac12d15470986271c1370d28f3d553afee618c2807010100486b6489e47f0199a85f7db64711bd04915d1415874246cc6403a0140d520309ca69a18cedfc7639e17dd8fa1c2fdfcecbd3893bb8f6df652511028a9dafa7323bae3d6a34b535dc38ad11a6add175a3397eab5e7836f8699a554671b6aaa2528eaa82264b58485a0a1eb275ce3cd90520da1514308d4100272eaa74c6d8582acde3309b59e89464dd4480d98fb51b66073046aa8263494a4e1a57abeafd92319875787992076930f1d7044014692ab3096b50d93f9bb3053bc1f0ba5f763baf45e2c6c7ad8d49ab9743e63330609887602a14d4341c18404158586967a42730c1806a20b3014c75e7a58367bf41a4a4a459702d632e3f4090502a083cf0f44e75395641a67df4b05d1cdeb4615100a5214b25e426080efea0bcb423febb3b14554077c2e986d08843e2a867e2a02016080b01ae07b0589e1e85c73ad8faaa29f50b05a324d4ac10a863ea992d0341a95036d382a939f4125e415834ecf483af6584223c604a88df1b8d383d7fde3d11b184fd5108c0e477f6316c700022190d0201014830888c3201df630df2b35a03508b325db319e5589e9cc0a9af212693691150a324141f98b660b36625e50c8b102612e5ba654158406ebf93402253e9f3dfc149ce76768b6d1f9e84c9ca3637e1302a96696d19be7540d060a49c6f15f882238e2b2082dbe8350182510460903b5396fc0908451b691c35fb4d19874b396618cc7135132dd4fe1792aa6a8602e10101722f91eef38fcfc95afdafebaff768b1d0a37505effd92f90fdae5b9143281428efd1db6e21103e80f2f7dc46385031bcedbdc858f20e3ce11e83feec7d688edd6416b3b5120e8dd11b3098752f06d9b3af0d2da3c3df60a6a51ef6c8c461f70c3c25b5e09262620e6d719bd04c75d0426ba559a236c04288b4120eed844b1b612155d14e6b0e2b439d7f3e4efae45887a0c2cbd0195b85bea42d18c8d88da1022a87a2fb70b6e05e9ccfdf8fb385f7e36cf1fd38c76be7088b7305fb70966ae274d64ef4a76f455fe6368287200a2f419b20116ccd91a4750e4db466ff6c5a161a79dce097615dff206008106e495630989ebe0d062e36a5c0bac6934a8250d03d2b14e20c1804856a4181caa1962a42eb17eaa8241a5cd846a0d07093d2643845a2c123818e9e0e3ab20803fc9e23c99b3092b919e365f7627afdfd5411fb3057ba9f8e6d1fc673b69a80740b9db92530c3387d8be20d11b918a0d3b698d8821c7aa6e9f12f02a1cbc42ab42e2205edb49e881c746818ca37099d0488ac5b5008a2b17d8f8685f85e4164202a0fa7a9107a4332d92e99edd8cba753ef0d91531714d2e984d3314c6522480c53290c4610266cdbcf9e7d3f7bd7aa070813597fb0609144182561289c0e95ed7b79bfd3378e4e3f81cfc51b93cae827007afc63d0add94b5e91e8261c646d4e41e85c1748a510880e9710741324fdbeb1541289180e4bc66902a12f300e17928b305bb819173208830cf6f8d3e9dc098699ccf5d799f57c9ed098c927144ab76396f56cee06cce7683734ab5298c9e731a17125b70a1374d01a0ad2b0d0f9c8743a64aa12026034328dc7693867ab756e352b1c460507c2602c3e1be7058748024050e075b519e53dd918ef4d100456231862333141a532c6635d9b8cce306a613c3615d382466c1acec7a560dc2110ff3277c9f6d7fdb75bec50b881f2a5173e8abc77de4a35f076aa849b51ace9a8377d00c5540cc526b6f07e642e791b762d75457fde7e5852f7a0454349890403e16049da8ed1f54ff0da66b346a129b212a70c18b270c42dcd049fabbdf3d049882830ad00b59486258635d5465b4c153a1463e0f33a9659a414a2aad0145c8c935e9938ee9e86137cd709d53e59a88fa0738faf424fe2260ca7ed306ae13cd5c368f183182b790863e5accb1ec444c58730cee3c9f50f61b4e47eb6db63403198ae2d4137a22bae029d3165688bb0ae726e09cde767e69a94194d8139682638040d2d4eabf34c459d47122dd1c4106a1547702300786ea040675feb1267b378536b084950a8a372a895b944a3d13d0e8d6cdb446b2454ea79cddcd7b9563cfb6b6828171d5410bd89e5184ca9344a62347b2b55c41e5c2abf1ff3257b31145f0a8b62080a14cb5987692889bf331d73b70142a619fa911940d0fa1477202434a3a93732173de139e8a1d3ef0da28a90c9c92b7ec0f7f6f39db26ebeaf874a41534e156730d73534441b0ccbc440048d8e7d88c7c3541eba3e149b87e1983c0c1210437c976ac1603044966c6c98e743541b838a4f4466f37eaa391f32f048324018d23382873f61e14bd54028747a4598a1a6566742c19930700f471f6130441808042374cc2361693c2770d89b9fcc2837b98da6b337b0e74fa79e290540276f14c01fdbc5dc4d982bd88c8b653b305fb405f3ca8794a7f50a1b719130d04ae72bc55bb0905381d1042a273af273ecfd9f23102e50e98cd1518fd3548fda6a9d5b8d4e3d4696c6eb1a0aa2838f651b397c397753ffb14d113c56cbc02421329d52c83ac75c9bd6769dac27e33330cdf74cc665634c7b397b87e1a5870edafebaff768b1d0a37503e3177d9cc3cca7fdbbb514028941208256ffb2001f13e038712a5bc5872134ade7d3b1ae8d0bbb2ef87257d17e1b0132d74f28db11b71baec119c2e7800a7fcd90b67af5ff185e33e7938e09c82a3ae6938ec948afaa01274266ea3c2d88456aa8df668eb705147d26674246f319bee5812783dc17addc41b62157ba8406b44291a02f3714a80704ac431b7641c754fe17be37192c7b5eaf18714a28b2aa33f692b86f9fda4142e14ed2724eec364d58398aefa1026cb098cd2070c2046598fb1569b45580ca45155246e446f7c25a1548c7682a23d380fad8184833f15844f1a9a0987265a833721412551e7a5e126298a78d4111275d7c020532c410a218ad020200401b75863520c8d54200d6c274834505dd41322f56cdfe6968836bf7474d0717747e69b607397c6f7638b71366d0be68af6e12295c3404c217bfb8a3164110e1a42627be3c8add64330f40767592dc86684438f202128b0bd80d0273521e7af212129053a720d1d19a3a33750a0b2e8e7e70cf27c68d108827e02a18f264058a140d5109d83a1e85c2a073a7c7e8f217ede108123280c85d059d3e9cb0679dc179a8a814882258cb5ed5a3fcd1c130c7d7e71c6e9f7500974bb86a2c32d149d3e84830761e01985412a0a0d139dd61451bee36c783ace84a6f17353d8b3cec75c4e259dfb66cce6d0e1670a0c559836434104832d662048ccb3beac36848094c21c41325fa8ddd8b69a856c4a8badeca6b3a9c5188fcb35ea40292ace691829229d8e3ecba4ad5884c044d4f540b05da34dcae147110c31d90604a331a96626d2b8891f5c3764c4369374f60600b43182c16cf799a8456bbc1e2f586451b15035502dcc46e7634ab18ab0084c6416e1b73ffb85ed2ffc6fb3d8a17003e599a133882714f2defe1e42e0669a9482e20a82026b930be9ddc85af22e1cf2a593c8de8ff6941de8c9dc836e5a6bf236b4111013db8ea22e6a3deafd8bd0c5fb3561a578ca2109d5540c475d3370c43dd3cc5c6aa5ca90a94d57ea0e5852b6a28d30d0f05247e216f4666a5fe7fde8ccde858e544d61dd6ae20c1682c24215d1cef75a22cad0145a846acf34f6d60907b7241c714ec2f175da232119355e1a02624f3fa4001db1e5e84bdf82d3b93b71266f0f2e14df47f5f010262b1fc1f8864731b1f1514cb2d6f9c4fa0f19753151f530ced3e99e67fb33993bcc1e0e7d4995e8892da383d4104d1e5aa8225accd05316d544069a088c2682a2918068222c1adc93d040e7de4825d14825d1e04e68d8acde358e10201c58d7130a0dac1b8d0916541304449d20e195608689da03d2d113924335408b600f3cbe0467532b31a0a99fe159e8a6c3ee0bcb437f64019d771e7bef39d62031add766fd323eafd8401fad9f4ea497d64347dfafc5670284867cf8be41de5f34c51406f9ec102162de4b1b647bd900dbf7db4cc7323d3f149d67663f0d10266a37cc6b56133c08213aed7e41203485102184e8547bc3794e073b149ec6ef4eb008165af710a069b009e8f52118bca2cccca3bee044c22d91301008d2cc7a88b37c8702cba7c33330129585d9acf5662735ad529e35ab95e9d8b3d9dbcfe179de06ccb3f73f9fbb117332de330028d94615b60597d6efc002ebe9dc4a4c67556022b90863ecd95f606f5f9f738e7681df718c9f35a69a0e5ed3552f500998611e9aa9793e199345a74de74d1be7b15110b1d6f69374f066f11b9dfb588c5483dad3c91316c6f127500d5091a81e23044c56d6f412038a592a85693d17af350c0407d5d658522e6632f83eaaa41fffcbbf5affc0ff468b1d0a37506ad76f41a6a0f0cef762fd92f7a1f8edef47d1db6f4619ad589078db7b4d9dbee4edb87f953f46f2ee63cf7e27b452b92b7337ba73f7a32383ce76c751f414dd8f634ee9d6d416099b71645d328ebba7a3da2717875cd37122a010bd6cdb9bbd179d19bbd09ebc9dca804e3f619b314bfc569e6fc630df33b1e330ce543c82deacdd18ccda8b7ef6febb12b7a283f0d01a87fecc9d688d2c475b5819ea95362320cf3ac3c89b9fe3a1cf4d26345271c2581a4efa64a09190688b2ce53bd6a32f7533063493a960af510e82c134e130b3e951cced3e84c9ed0730b7e909cc6f7ec25c93d298a9780813a5f7e1029f399bbd0383a9fc2ec955e84d5c7f4d59b485e4a12d3807ed41b9680fcc454b60161d7b06da7dd2d14270e8b899f068721728940a8320100c68824213d586314262f1b8de35062dee0968f74e46a7c6fad5dbd7ec20426038a6d8d8404c915964d6ab3a8a0e392a8fc772fc05e67c9036149987e1081eb31e8a2d34d6af635e1be6bb86a2686c3f1095cb36d719df35a03801af0b0e7acf3523848cd9ce07797c9aef394315a3635d1be13367696768a705150316290bcdd54fe77dc2833ded91882c3adc2c9c89d074cd34aa0a422288e030b105ab69e8e94c14efb3a73e423bcfe3f3d1d9381795cd6b993897508005c2e052f94eb397c25c097bfde5db315b641d0a9269586881ea618120b8444570b974076dbb399fce5e6f82d013c985e6bda37ce73855d02801709ebd7f0d13090efa5c1d8ff2783c21cfecbf702e3e0717e8f0c70980513aed710df108001ada613d468531c9f74ea514619c50d073934985984e29363691546000314ea73f45073f9d9c8fe9a43c6313893998cb2ec5a59c72cc1050b3fcac1902450bdc2e576cc5f3fc778ce79562262d1f136e31f8c2e884ed2ffc6fb3d8a1f017973fe011f63404053374b48440b8492b9a794c384835286baab6e8cc59f24e54ddbc029da982c1bde848db0d4b1a7bf3e9bbd1493b5bf524e6f7d5e0a867364e86945005ecc231b72c3ce99888a35e59d66caaca981ab391efd881d6f8cd688bd7b0118120e37127a1d016b7112d7155384f203c7d5f2dce6f7c9c9fb11d67f3efc3b9bcfbd14595d19dba0d0339bbd09da0a11ebe2fa6126dd115680c2b4163a802d3b4b042936155eb154e7968415b2a6aa920eabd33708ae038ae18817b1a1d74169d771e2ce1543871e5e8a5931f29de87113aff31c2696afd4398d9f83016363f868b5b9fc4dcf6a7304f60cc6e7b82c70730b3ed714c6e7e0493550f5185eca31ad9853354252359dba930089e940d1848d43a84727447d3692754a0530009c9a583e76713126dbe848540e191847aaa0bede856b72ec20c25351208358ee1a8591b66b308d43944a2c1291a2d6e09e8e473dd542a5accd64b47dc27a71e4e28d0d16bbaea40186140500df1f38642d9e3a70d0a28eaf5d361f7f358e7435422c361b934a90aebb0901cf7001da286870662798f8a612484ce97edffd486694334bd4b0a6348816fd5fc3cd386aae17468267bf672fa7c0f15848e47784de7c351341d6bc82934d9c404143436a6f842601286a91ca40eced219cb468c3a505a6a02863de589b4325c29d981abe5bbd9e3d710108de797ab94e76827e6f236633e7fb3c977a440b214826209d3e91574d04574f05403b139381f9783513af0f1b83c3af85c5ea743a74dd0c663d4b3e7fd04b6a5b31e4dd6decc85541eebf9f945ecf9d38927c899f33a9dfa049dfb44520e41c0361965984d2ba183b72a84c944de633dce7a2a251fdafe738a8e7f2a57e9b98bcd9ecfb349f9984f2c308a410e7f218bf7d95ee099cf2c33fb3c3fb3eb3e7c64ebfd98273046a51c0213f0dce6fbf087dffcd6f677feb757ec50f80bcb0fbff92d542d774601a150f8762a82b759a150cce35203042b144ab545e7dbde4d30bc1bd574ba83458fa227fb3ef4e53e48bbdf40c1c21efdb38fb6e174f14378c23303162a80da80621cf7650f3e4469b78bcd2ae7a33e39e8a0f3ef2754ba08035977124163abbb93a918b4e742f2163adb03b8fa603d81f3185a933763b4e8413ae9c7cdeca3be9c3db0246e34c1e66e5a57d266f4121e03e93bd09742c0500db44568c31d5a5831da428bd06ab2abe699350cb2269f4cd450516825f329b724b312fa947b129ad8e36f24249ad8d357aaed0ec2a22f790386d2b76224772fc6cb1ec2ece6c731bf8d90201c545fd97b04cf3d508da7f71fc3e55d077169c753b8bced0016b6121e5b1ec71c55c854c5837cee314c543e84b1e27b3159b80f13057b3096bf1b170813a98fd3195b319cb1c9d850da460c1252fd048980d21196874e3ad98ee06cb4f9a7a3d53795ea23854049469b778a59b7a0f50b3d010aeeaad75ec01e78114ec79460886a62d0280a822396d7134bf8ee32f4c75159c41024bc6ea6b44617b2275ef4a64516b2775fc05e701946e28a799faa82ed4fb3fdf536cc776a3aac6c2451b18f729c4e29c5484231ad046778ed9c2ca998ceb418e7f9d9a3c9e5389fc43aa312e7d3d79b7617646c676d63b5d1d4128cf15d17524b31965141c75985a99c0d18cf5a8fd1f4328cf15d531955b854b403974a76e222ed52e92e5c2cdd4938ecc0337490cf6cbedf5c539bb9c2ad66d86836ab923dfc724cf0bd5aac369f5345585461328790c82ec3646e05a6f32b31ad2d38796d369dce3a4da92fd836bb020b34ad7496694bcf79b6d5f0ce45b659e0fba6d2e9d8338bb190bb9e3dfa4a68f735397f6dee3f4b98c866088ea96442c2e434e231dbcfe694f119be3f57ef2ec1642a01432828efd13cef8d0922a9c57869cb7eb3a7f3d5cd7bf04ce52ebc40b5a0bc48937169b844c0bdf6831fd9fed2fff68a1d0a7f61f9eae7be80dc2537a398ce5ef184a29b34742408bc17e582029543b981c27b79ddbabaf941f660478a1fa553de8f818287305cf4304e173d848e8cdd18dd7e04d3fb4ee2185541077bfebde97b7032a81847d91b576ea46abf3c422297aaa184ce7b0f0633f6a247f99192779821a72ed63d29dbd12b35a215cf193b31b1f520ae50318c943e4475b101e78b1e600ffd0826b71da282d8c1cfd988814c3ad3bc7d66dd427f86722d6d450f21d19fb2893df52d74e89ba92aaaa8042ad1116b5de8d6ae95d19a796492ec69ef056b7a8c5ad724b42a7d867f366a785ce79162f2279d542fde2703cd541f6da10568a76987b7ee980a0c276fc47036d54cd13e4cd1e1cf13025aadbc4070080e57761fc6b3bb8fe06981e3c15384c7495cddc36b3c975ddd730897771322bb0fe2eabec3b87adf715cd97f1c17f9dcc24e3ecfb657f61cc515c2e6ca56be77d3877071d3c3b8b4f14358a87c10f315f763ba6c3fe6793e59791f268b77639a3659b607b3ebefc5fcfafb3053410855ecc36cd57d98dfc46736f077acba1f731b1f30c753e5fceea57b31cb5aef9a29bb0f73b459da54c97e2c6c781817d5be7437afefc102df259b2fdf6b6c8ebdf3b9f57b7179d37db8bcf17e5cdcb01f97744c9bafd47bf7b09d9edb8d4bb48b157b687bd983df83a7f97dae6c2130e5b44b78bf94f7ca788fefbdc8efa3366a7b859f7f99df7f81f7e6d586ffa64bfcf75ee17b2f156cc56c1e1540ae8c6a802665309db391efe23bd7efc68c6617656fc41461324b08cd50219863c51d8a3761ac70bd4984374b484cb1473f49c73b413339907278afa0129354046aa3e19e59026b8e36915244a5b0c180c36ce549953091980f6556d5fa8669b69f2000a41aa6168784a8168c5109cca4100e6985660f86593e3fa36b0a2a6b7f86027ecfa24a5ccc2724783e43284c122e82d0cb3b1ec0d58dbbf13c81f062d55ebcb47e1766330a30969685312aacef3cf392ed2ffd6fafd8a1f017964fbdf861337454aa1802158235bdc5fbb0fe6def45c53b08032a87b225562814dfa460f34dd874ab137ab3776120771f06f21ea032780467cb1fc570c10318ae648ff8f116b4246e666fbb025d397b0d209e744e323991b4eee014c1a0056e5abb3094792f06048634ad66de4530ec2418e8d095242fc5aa18fab3f7b0377e1817f754a32f7f1f5aa2d7f373efc5c4f64398df751ce3554f60b0602f7ad3a834d8be8baaa137652bd5c236aa111a7bde83195410193a272052b710169bd1135f058b16b9255611201ba806acb9940406ad68569a8b5a97249365b5de9730d01455ede1e0934e754155e19e6816bbd52ba8ec958a3aad6ba0d5fba6a3392417edd1c5e88a2fe77b4bd11b6f0347da6633c4345e7a1f46f3e8b48bf76392c7b269c2e42255c5a5ed4f524d3c4a67fd089dfc2358d8f828eb476d807982807992f5e33c7f04176957d8f669426861eb2378fade43787adf215c22380c3cb63d824b9b098e0d1fc2fce6877179c763b84abbbc8540a97a900ef64182e5215ce6b357b63fca773d8c852a2b2c545fdcf0209fa53aab241478ff992d84111db21cf525dac5323a6c3af1d9925d74fcfb70990e5af7668b77b187bd0db385eca9d3d12fd069cfd1314f176ec774ee16331368367b1366e4a033b58ff1362cb0dd248fa7d3d97b4f654f3db59c6aa1846aa214e35412520563a96538975084f30985c6cec617506914b36d0926d83b1fa3033f9f5888737105b8105f48c7cc7b894598cce63be9b42f24b2c79d548871dad9847caa96222a0c3a723afd7374d067e2733016cb9e764c2e2662d97b97c5e7639236cef61794155580c8aaa05aa0c2201846f9cef3b13926719ef65fd0b13e6356fb2b0b08fc0ccd82d21a033364149f8d89b82cebd4d2f85c03861929068180364b15a13d1966a91a94586f222d8fdf91f7b24b305fb49160a4122adf4a706ec6d33cbeb471076140ab245c37efc6d366b7b71c938df5d3d52db6bff4bfbd6287c25f5846aaeb914c2894bcfdbd58ff8e0fa0f8edb750351008540febdf790bcaa412785cfab6f7a05cb391a8227297dc82dac87c8c143e40b5703ffa0b1fc448c56398d87c884ae1289e39d18fbe82fb70c83d032742d90b8fae4235d5c131cf0c93fea28650d02e6dc77db3cd263c83d9fbcd2ca66e2a8deeccdde85192bcb41d540b1a06da6e94c020c130bfe328a6771e313bb835c55662a090ce74f35398db710467d67f8850d150d49b50e8574e255a5ffa560304816190f5703a8db03046f8f42b5546b282d7dbcc94d436aa879ae01c544b39d0e16b77b7d6d07c340a1274fa355e29a8d32c239f34341216aa9514afc5d33a5db5916d4e7924e2a4563adb7228b57867a0ce3501279c62d1a06bfee9048af65f48329051d6d4ce702a0fd62d26486d4d63a160726f680e7ac2ac6b0a3a22f2089b22f411327d89ebd1135b8aaea822f4c694a02fb20867784dd6cb77f54514b2ce47775421fab5de21b902bd71045544aeb1bef03c137bd04ae84ebe5b69bafb628bacc3489179e809d1da860cf4696a6b70ba093e0f45e59985705aeba0247c5a35dda929ad61fa9e4ad097860e2d82f3534ea51474f9269b5c4b1d7e49e80a4ce3fbf86c402a3abd13d0ee19c33a1e9d1eb1e8f1d50ae75458dc63d025738d44bb4b182c1e11e8f68e46b767345a9d43d0ec1464f21fb53b079b8ca93a6ea3352b8db65738bafce3f8fe44f46b815c082d28c904b32f24179a5efc85843c13081e632f7e8c8e7d94769e4efd9c991eca5e7c4c9ed5f9d3398fb3b73fcee7c668a3341d4f1244e3f11aeaa1a3a70a98a26a98ce27c80824655a1d4f2b3660b84c0029b7923e6f9c9098885b340221814048ccc6146120336a81b0982634048a71a5dc4ed29a04c2825030754a2e4144386a48a9621ba6a8582e956ec147763e8067b7edc10b1b76e039aa85cbdbf7e2b9dc4acc25f0df43f0cca497e1b7affdcaf6d7feb755ec50f80b8b65db5e331dd528829b6e21083e4010dc8c1282a0e21d82c27bcdeca3721e5bcf6f36cae25197600ce73f024b169542d5e398dc7d1c533b4fe04c157bb14fb4627ccf715407159940f371cf1c9c0c28c409c2e0a80fcfa91694fa42a038e94f4798b40d7d59fbe8d409055a4ffa6e3a725a1a2d753701b113ed74dcdd99bb70716f352eefaf81850e5c5b7b76256c46370170beec418c6e7c1ca78b08a9548280d77a0904c518fa685ad5bc685ab836443b6d03c3106d80e7521183990447d60e82692b5ae8781b098396801cd42950ad7d196c4068a01a6892d1a1cb9a7d342555a9b009099aa6a82ad5b636de1134da83f3e9f0f30d101a78bdd10c55f11e9d6b5b88353baa36e5519a6d2d70d382b67aa748d4198bb8ae8e42ad638cc9d2daa0dddaf8ee06bd4bb397d684a3d133018dde49a85b1789c6751168f28c47b37f2abf1fd58fabd64044a249535e79ac007633ad49b59b663de95a145a3de2a0fd1dcca63f74da8d6e6ce312852eef4474d1b9b7a80ddfa1761d81a9e8100878afd3239e4e3c161d74f656d3712c3abdd84e7b20b847a3dd2b968e3b917020008292d1eacd36fc2ebdfc1c25d2ebf08e33efe8f64b84d63df487113e0109e8f18a413fdfd3eb1b6fd264f40768715b12b4d0cd2c78a3e31fa40d87a5e34c64369d319d77267bf234a90241612cb302a70980f1ac32cce56fc0444e257bfe8a5f10109a09a47b6c27873f29e373930a16db4c33830c18749def1f231cf49c86974ceca16413e6d963d7a237dd53da8b7139799b4dcae927e5f1dd8401a1332dd5924c0590988b39026356016aaa04a5c79e4eca259c72f8efa06367cf7fa188efe66728ee70317f3d5548b9897b3cb7651f5ed8ba9f76af397e9e76b96c8b0950cff1bb9d0f4bc44ffef1f3b6bff6bfad6287c25f505efbc52fb071858b496fa18072c992f79921a4ff8fbdb38e93f33aafbfc0cc761c7093341ca7412776cc62865d69999999999919842b5e6666109aed60db5013c7768cb22c33e6fcceb933ab286deaa6bfffe26af279f2bef3d2ccacede77bcf7de07a5e7ea3d9ba5115080a9e0485e71537f21a65275d6d16f4f7b9e90b38ea98840eef0274f8e7a0cd2703c7a8168e78a66120a1127359bbd0cc91be329132bfb109f9dfb5451ef7356d54f07d1b026287892f14fd6027caef74e2c83e042d5b230c081480de67a69308096e156b50ed42cb8e08b4ba25612cba14fd540707a914ea56585a62ec5be98d4354195d1ea918f44833c16029074d43b54835588120252028fc1518acef0f6ce279da519b5074ba1132541f520d85df52c5329db6525aefd846d3d6e2fc35caafd67163dab79805101670080a9a5aaabd733b9a38826f9459d7886ebcdbb24e43155545ad54c9f72ca6d5d96482453d41d228535a2b6dd79d3674c4366854e6d25ddbb18f4ae1d06a57b4dc6f6f9444136d0f55c0b1b57482b4fd0fda5375d898fe4807a8384cfdc2fdb6bcde52cb70e0be1d50eaa8c5749e2a82e70eaeb447eb7a57b46d70a37ab0a6b5ae76a0c2b041fb5a17b46f74c7e1754e2665f5109fb398922a3b4c5561b2898cedc091153b7094a3f0232b788efb9af6e9dca805f23de918ddd0bad611ad9b5cd1cae7f56cf3448f9d2f47f11e68dba8cfa16da26db04c05f5ac57ea261df10667637d343581eba6992ddf77f1bc82d34a2f55319a9ae0f5dafba1d7c11f03767efc0caa04132f500aa71bfaf50c4df118476d75fc17a0b0b8b537b182fe75541d8482b65dea81c4dfd24395d0efe085212dd0a3761afc6ca59d2a13a997a6fb2cf75aac6f2db77caee03040a530a86924ee0fd1f18f1358435ba93c088c312a9909f560922a51809ab098a03a19b357ad852766bdc331e9198229ef50ccf8461828cc705f6b450f6f74306d389e6c6eb1fe17ff7feb75090aff1faf575e78012e577f1a0e4b961b952073512c61f9750604ee975d072fc240fb52086e0205b70e4b2ec7ce25d7a1994eb6cd23137b76c4e1904b125a0984569f4c748416e074d121741216f974fc695f598fdc6f6d3580c8fbf636e47d772b0a7e6083e21fd959c0f0fd9da8bcc7cdc0a045350c5409eabc5ab73110cd5b4371c4211ead4e093864176d32901a399aef0bcec54246233a7d330c181a7eec82e6155e2673a9dd2116bdde6938e4148dfddb2ceb33eca5b3df47d3fe012a8883264b491660ea15f653251cdd1186767bb5ed0ea50a0ac711a728ece57105a41563a8a233aebed316356a7d2153d19a295cb39a1482310b0816e1a07843d977d7a358056c7ccede351e04913f76ad70e67314abd886a6bb7760f73d3bb197c0d877bf03f63ca805775473e06252595b08a703dc1e5c4d5bc37d42e0e01aedeb980b8eacf744eb76fe76fb30d38abb6347305ab7f8e1208f1f5eef8e631b3ce870b925248eae77c3113ae223ebdc7094768c8e5f2600b4f29cb672faadeb5c789cce789b0f3aedf86c5a2bad636720fa7606a16dab070ed199b6d3b9cbc1b76e7243db267763ed9b3d68da5a6d8b073a689ddcef2208b4ed24547ab7faa0df2e083dcec1e8710be368db128be8d8ea89ae8dae74d66e18dce841c74d78f07ec5191463e8e0e76adbc9adf617630fc60811dddb4d3b46c77d6cb30bfa1d8330ee136302d79ddbbca8105cd1a538849c37a1201360b4f642179d760f1db64c2ac34c23d1a4147a758ed64547df4953a07a74879f993eea5000d9ce8bf0a2cad8e86482cc035bac016b29101357b02324ec080542c50a1b4d2149450c102c43541ba3ee2198f5a202700bc518e1d54360f45235689537d52d28e369d4d107c30ede060a535ea1060c13b449c1c13bccb4e118dcc2cf5cbd15239e61ff2753532f41e1ffe3f5d4fc3cb64a252c5190595343d719e7efbce42a785c763dfcafbdd50041eac0c418962a004df5c0f35b962c45e237efc321c704ecdd9988a36e6968f74a479b6f16da027370b2f810c653ea51bed2d3280515aee57f9b2ae13bb6c8fdce76b37467f10f77a0f42e4794fed819053fb443259dfb7edb28ece2887f974d380ef2d9adee2938e69c88bddb22b06b7308b704c6a620346d0dc260641166b31ad11b5e80834eb1a85fad667b1edc7aa3dd2305c31145e8f048c2318768aa0c024780d8124c2004e3c0d6101398de2dc54010b4bbc4e398630c5a0884dd5413077684a3d535162ddb83b077832feaee77440d9d76d58f6d0987ed060e8b8167599d8ca058ec952458d4df658b06b5c7504b6b8de637fa984237a5b61ee673f76ff6c3d16d52283ed8b7ce13fbb4a602cf1fe2fb439b7c8d1da61dd17504d75102aa75abccd7387c593bdf1fdb6c79dfb62304dd1e7118f44fa5938d469b4d20558f3fda6d03d14d6074f1b33ab7f97104ee870edb0074d8704b6bdfee4bc7cf91b9311f5ee783eeadde341f3e5fdfc703476c7cd1e31e85e1c0643aef087e6f6f1ca5e36eb3f1324eb68bd6bedd1b1d566bdfcef7e698752be3b33a8c799a6d273fa375833b7f0ff75d4230e0178b7e8f4802cdd700a78b60e9270cfa377b19456114049f23eb12603822efd2758205af9569bf6b1b014427df4980f4d9faa2cfd19fbf97cf7022781c02a91afc38caa66ae077efdac6ebb612109a66927ae07ea702d75424dd048da0d1b389237e8dfaa92c3ab9dfa62ca26dae1876f2335345dd1cd54b3174f39a51672a053d87c0e8e6c8bf6bb3139fad40b90b7a4c36939e27a5439520c0f059469970ab18c48c5f341e4e2dc099f81c8cb904f1bb28b641a5b1c91e035b1d2d29ae366e18d0541555c9ac5f24a67d2230e363d94efb8663ce2fc228897e7e1fd53574adb6c19bbffabf57dd7c090aff1faf85d676d3f348d945ae1cf99bada688a816145bf0bdfa16136c963a50a5b32781e0c5ad3bdf6b0a29f8d35f37c1de7d76c938ec928a36ef0cb4fb66a3d52f0bb379fb305bd082069b30aa013be4fdcb76d33935ffbb9a42da61d90a0c3f7240c9dd2ea8bcdf1da5f7b8982a68f55192ea38e69682fd3ba3b147f185ed11044624f6db44e1e0b628038616e7587485e46228ae0c13c935e809ccc63e2a8b4ab5c1d81880f1980a8cc494a03320838a2609479de34cebed03db43099710022dda40a39376c881aa605b302110cacf0ac14142a1d39dc779fd219b10d4af7045a5d665b8c71e351cd52b85558df36aeeda815a6bf3bc3a6e4daaeabd0e8480131a35dad7c8dc3698a3f7485383d042277fd496ce5bc0d91660f63ba848da1ce8687786e0886d105a797dfb8e50e3e4db78fe82f17e99d660d0b6958aa9558e9ecaa04fd94c5437ad5209ae5168dd4907e8c4dfe0108ad61d81382610a8fdb64d001d354d5b8ef83bec83791f9f674bd81006060ebcb68bf068a7e36f23307a1cf87d1df9f9f641e822103a1c83d1eb186ad4c3511b5e43e72e902c02c1988dded3b8ede4f6af8c80e9e0b3db6d7d30e0146a524b3bedfcd14ba5d0eb1c821e8eeabb5df9994e748a76841821d12533e9a57e18a0f509527c86c57c4cd6522f01d14d70b46da583dfe1650ad7461c03d143e7dfb6c50d43044faf3d7fe716570384819d04064dd776da1232db09198ec2fbb8ede5c85fd94caa61e837dd553962e7a8bf930e5f3d91c6389aefb3f7a23ab2278054a14c60d0098fb804f0fb115c520b048202cf5d0489ac87fbbd0283a69a54c0b6d181aa6227dad6ed30016955543f12978d27b24b301f9164da6df46de5f51ba93036db9b62366538f5d8508138fb609caa603620da806496a6ed0c21a129a429b7400caa506e9b238eddb90abfed1ab0fe57ff7fe775090aff1faf62771f134f705b4ac74f2898ed32651ddd00afcb6eb8104bf0d47492a040131464ce4b2e8323d545f53a2f1c74ce428b63328e78a6100c540a540ba3194d98af3c8add4e711c657ba294ce3febdb5ba9106c50482814d10abeaba0f30e2a060794dfe564d663d02a6e2d3b63ccf29c6aa1b16f5b389d78249db580f017937238641f6302cb47dd123112598cc9c42a4c4497a1930a63cfc640f405e56224b91203f1a5e80fcd47bb672ad580652aaa83aaa6dd279dfb713844101c22bc8edad23153a11cd91e8656fb68f47aa7d2c95a5a711fde1e6c5a642865b5f65e3bd4c8a41ca80464b5776b2edf117b56b999aae8bdaa8ab60b237062d1ee1cc5e753a1d0811fa6b5d98763c02b919f118a633c7e8c0ebf9d50101cdae9d8db08a17602c19801844cef2d3068e3338e1128ddbc67c0431d60e30c18ba6ce8440982019f0474eea4632560ba9d23d04548743945a0d39e8e969fd965c72dadcf250a83de0918f5a103f28cc5806b047a08897601810aa397cf1a728f46bf33612347aedc7f77aa2aaa8c4e5a0f1d7a374dcfeb2264ba794f379547379df6e2b687b031c67b7b76f8a38b23f77682a49f9019f08a429f5b381d3481b5c5cb4ced0cb8841915d1c7e7f739083e3407eef3f3fba95cfa08298141d6cbfd5e024160e8a3fae8a1325061dba0532047d10480038122006ca612d84267ae0a6767fe3e3afa6e2dadc97bfa09b05e02a7cf9ecfb4f3c60001d16fcb638446af8d079f2d0541a3831d2094c65cc30931fd8d345d668fee2d72fe1ce973f4dfc66d3fd583621846596cd634128121656102d93bcdb4530f47ff0286b297e4e03b559ba0d801a138e64b071f9680e3c13198e4b306799d82cfbd84c22061a28a682de833e8e883595f02c03786668582bf8cc702a230ed1982415b370c6f7140c7aa8d98e239fc1f9b42ba0485ffe5ebfd0fde47d23d2bcdc23aae82014dd3479e84810f41a06922afcbae87c7b26be1bdfc7aa31216c1e04980b82fb9caacd49675c73ab4b9e5a1c53e05c7dc0905af4cb4fa646124be1aa7abdbb0df2f030d2bb584a6270a7eb0d3a8052dd959fc3d5bc241b61da53fdc61b291ca7fec64ae2bbbcb197b3670b46e17630020205c6c07b645121611a660ee984b12014147e244c7165288b1b8724cc555629890188828c45078114663ca309e5089a1e812f48715608080e8f2cdc4a19d74d6bcf7a88d604023148e518db4ee88449b532cfa7c52e9d0e9d4d569d529060736f8a15a456df7ee44dd7df6a6dd76c3038ec676af71c79ef5ded84725d0465530e095823ecf243a7ec28b4069b50de5c83ccc00a095db7e0f7e773b4b05b32020384835a8015f07c1a056196a93d1c67bdb79be83e73ab83daa02398efe87bc09429f64f4bbc49a4a68addea6cae81ec7083a96143aeb48a312e4fcbbed390227007a9d23e9e8232e80a1df2d1a6301299809cdc47c780ec6fc9230e01e831182a29f6019f48ec38023efb5e5689b6a4336ec196794438fd67ad84e67aff8029fd7cf637d0e84905d0047f43a4ea898113d4d0091e3a703eee2f9618f288c7a469beb3ba9247ae8f0bbe8f047e97087a444785d1f1545b7548000b05345691c81132abd844ab7f57c2fcf776ff644e7260f1cdba8ea633f4c52758c5369f46b9a892090d3efdf6ed91f262c46ddc3f8799e74c274fe8213d58a4c456d0a400f3af863c4211043f6849cad279dbf0b41e641051048a7cdbfbb02e066f4bf38ea570a2a01c06d07213060ef6d329b94c9a4e9a1deb58a43a8f19d251e614c310a03092a00426364a72706b6b9a29bea6292709af109c7a44708c6a476f839a6988d5018e2e78c0a4e5430c38e7e980f8ac39c5f141668da5a2c120bfe5198f70c335d5d555dddbb5d310b1bbcfb8767adfff5ffdf785d82c2fff2f5fc33cfc2e1ca9b38e2a7525862510a5e97dd08df2b6eb2c40e0803dfcba9120407c2c29baae02f50202cac534811b77d07471dd370c08e50704d41ab473a8e7967d0f996e04c753bdaa28b514f2868f9ce2a2a01136cfe1782e17b520c32aa85ef6d3350505fa4aa7b5c4d3652d5bdeed8bb350c8776c4fc351408838384c2011b3a748efa8f100a2db65138b8351247ec63d11b948391e8520cc7966130aa1883e185b4220c44156132a91ae3c9d5e80acc367d953a796f9b431c0e130287ad4aa1cd2e9aa3f5183ade6874d3b1aba3aa16ece922243a7646a0fe7e2a9abb77987517a40eea0986039afba7035707d641aa8b1182505d584d475682a7cb8ea36baa862e3a6e4df1480d0c78261236fc3c81c04c15513570bf55fbbcaf5d4e5d5d5a796d1b212290b471bf8f0a6334209550893741652908030419af519079c03b8970e077e6b3baadeaa0732747f3bc5ed0e8d3423dbcaedb210cc304c06478266662f24cd15bbf1f95837fb2593fba4b50a1431f204006f89c3e426cd837097d541ebd54067d84452f1549af5d301d3caf710ea3da0827a8c2d0e7c491ba9d02d2815411fe66ca684855c7deb118e4f94e3af72e39761e9752e8dee66b8ae05419ad292739f8bf324d1dc959f3b9b23e3aed513e6fd2378e108cc36440029f1d836e3af7f64d74b08440cf56551e2b404d286cf6308e7ecc359440f3a4832510a448088f01c265808aa35f8a83efd53e6350d5d14e41187456519d8af0fc082e2a063a64c1406b391b2868ab797e9a46fc7d54207d368a29d859a04053605a4a4126205cd8a7a97f929e65e216eb77624c6b3f38f06f6147506da44ad8401541d828a6a06ae791adca427232b18be3618954081138ae29a38b6c5e50f08ec0b81afe1122fd36f66679cfdf740e59ffebffbff1ba0485ffe5eb574ffd149b972ca783bf820e5e8ae006f85d710b3c9749055c6340e04b48686ba68db83566858227a1e04028785ff539ecdb128a830e2938e49c6c8ad88e7aa6a3cb3f17a72a5bd193586196ea6c58e967c0a0f61679dfd94e380806520a8a2d6c47916a1708858abb09055ea3457aaaa91af60b0204c37e8260110c87b4d29b6d340eaa82da39112d3b343d134d05c16b55e9ec9b819188620c479518180c445a4c4a6128a6d4806228381fbd540b9d5437adcef168d58a6df6d11628ec8c462bb7ddee4984422cf7e9a81ce8dc9de3b06fa32f6aeeb2451d81203054abd06c85b319d9f77925f39e441ce5f5c7689d020b9fd3a5d5e1388aefa46a90753844988eab5d56a7af8eabb24e2a8c2e477e0e3fabd3391a3dee719635203c383a27040683d4432915ddce51fcae848c2aa3695d7c9ea692fa695d74fa82429f6bac0514fcdc6e1ed37959173f472d2ba4300668c35e71180e4dc37c5a199e2cdb8333d93568a1a33eb85a8154b59788423fd582892b102e8354107d5413fd8484620103aa5e768fc2908cca63c843ed30e230eac3efab761bbc66d03d1ad301c918f791ca2024e4e4a918faed034de691ac974a60446d2ba8227a787ce0bfb52053213de81a86b9b0543c9e558e87732af1505a31e6c255a9cdcff68a225c082897600cc8b1134cfdfccc012a0881a95bfb84909442df05935af0c130158e80d047d5d067ef8f090ffe467baa832d2e662a4953518a3758806031cdfbf7d1a9abdea15befd58f496ac00040b698d26a8582d9ff8b62105804064d2de9d8623aaba0d147335947b4812d840215857a1e4db806e104a1304328ccff0d282cf84462d2897fd3ed5a51ced1accf301b96823f7ff8a1d5037cf25f97a0f0bf7c0d34ecc6463a755f42c09350f0bbe266782fbf011e04c2a222f0b9ec06824031041dbb866ae13af8e87a9ef3587235a1711d8172232aefd989569774b43824e188150a6d3e593859761403697568586759d3590bfed73ee88de21fda9b55d9f2bfb33885a4e0f3761ed7149233caa814348554c67d2dd6a3fa05290315b80906876d63ccfb0354064739da3fb0231a8778fcc8768282f038681b890e8f543375344cd520c5d0afa9a498120c0b0a114518892420420ad01790836e42a4db2b159d6e1cbd3b5011d0911fb3a363764d2414e208053a753a6aa906a5ac2a76502d30a8b04d60503ae93a4f1ca5533f4aa7dba66b09844ec24040e85076131db271fe848540d04347df4128fc150c644e04893347bc340307a728e3e4c702085a372d08146154402f1d7b2fe1d0ed222340b8dfcf6b3ba90206bc13e9ace3d0ab3e4c6aa3c1e38b262068ab670cb8c460cc271953d17998cb2cc7f1bc6a3c5ab68b4eb616c73678a3e96e5b13441e74517f23de4f38685aa9df2b9eaa80c7b44c281dfd08d5c5a45a6c04a6603c20894a261163418440482a26c2d2311d9a8e11ded74325d0a79453b5baa0731f7008e6bec5fa0886219e1bf1e4f7e379397f8bfd351406a93efa353d6547e7ed1181d3c905584829c0746c264e24e4e064621e4e27e4e14474364e44f0584406e6b5603f81314d9b89c9c4645832e68292301792686c3e3409f33c769c4e5336e71f6f14452f213140302853a9df860a620ba1a0c679060c74dc5b648485a6928cb357b691a66b3cd1b5c1d15442ab08aecfa49e5a525c2d53491667afad5a676b0aa95f8a43c7040b93b6ba1303048aa96be03306785e1d5487a91494e63ae51e8213a1848262080283e20b174141efa7088e615b2d35ea8221c53608a7d7fff88cd5037cf25f97a0f0bf7ced8b4930cdedbc39faf7bbec26f8100872fc8b816499cff2eb09051db39837f77d976b2a89aae2f29b117ae5cd70e23332bf7137a1908abd3b9370984efa98471ada088685e28318ce6a42e37acb3a090d6b035047b55079af3b0aa80c72ff653b55828d093a2bf8ac63253fb2a3d91b13202ab5eef34a1f336d7468672c0e1828d0f9d30ed8c5502924501dc458a040b570588a814ae280620374ea035404a304c350643186a81c4608850142412625314a380c865235f867a2db3b155d54079d540e4a4fed1024a80e8e120a5211ed1af93bf33b6cf431d947b5775ba1f0e31d687cd0110735856454859cbd606081493b9dfe0528d0b42f152027dfedc867d271ab63aa0020eb328edb6202450f01d1ef9e60eeede17939ff3edac5ce5e29a8ba5e50e82714faf9ec1e7eeec5d7fc67eb720847af6b0cc68333311c968199a4229cc9afc34f2af6e1a9ac3a1cdce4814aaddf7c9f2d3ab7fb1a10f453590c785305a8599e971aff25613c9000a04d86a419004c87671006691809a5238ec9c1281d703f9dfd30958351138483c0d047a72f38c8fae8ec07d4bdd49ddf995ba320ace72e86c210af1bd6b5541a8a5b080c7374fc27088299982cccc765e3787c3616a2782c9cff0e466660962098a7cdc6f17c721e6663b3b0109d89e3d119c616a2a894c253301514cfdf14ceefe66f62113ddbbd304c280cf1b30614e8dee241000802028332935c4c1aaa6a194c033c5ad7468efab7a9c6c289e7040581808a808ebe4b6db88da9c27987b14eb5e0d6be1510178adcf44c2b38348534a0d8c216270c114483542cd3fc9e2742132c15cd04c0c550981314b89dd6424176fc0d5b5d31425875deb30ebfeb1bb67a804ffeeb1214fe17afb7df791b015fbb1dae74e846115029080e460df0bd45291000cb787c99a68e74cd75f05d42a5c0e35215be97df8200aa050f3e23ead6afe3a05d3cf6ef4cc621a7043385d44a304ce7efc378fe1e346f0cc6ae5541844220ea56fba19a6aa1f4478ec8d71aceb482ef4a2da805862a9d6d08849d4635483154dced820a82a1718d1fa140e76f177b010a5a2ffaa0533c0ee8b88020504835ec88a1831618c2718c0e5e6a406a41aa61981018d0f4513481105f8ed1b80a1383180acb435f601655431ababc52d0e64627ec9144d8c5e188a0a0692582a18b4ebc6d6728ea1fb0a742b0353d913495d4c0ed5e35bcb30d3530904a10105a69520e4669483d280d968aa38f9fa1457d3aa40ee8d0355da4add9a7c336a0e07e07ad9b0e5e816929876e8ef07ba80ea40c2e76f006127cb6eeedf3d6140f9502a12088c82ebe76f17a4d3f690a6bd03d9e0e3b1153e159984b2dc1c9c23a3c5ebd0f67d2ca7178ad0b6abeb5062df7efa43327143c6339ea4fa472b06c4783a90642520c102679ff547826e6a2723147f53111914d079c8fa9c84c8c53394cf85241505d0cb952fd28eea080301dbd1c7f2fb782c18051249602b6bf0505c515748ff607f59ed769dae978146110978785986c9c8ccde5c89f50f28ac4a86724c63cd54995e61d8d89204bec61dc95e7dcc230acfa088700aa0fc536bc4c4aab32990614a0b6f1312a6188aaa47fbb1af779120c520b968c2653b7207520c72f206cb047a75251b7a9c8ced9387a8140eb3274aa25c62a8b6929cf8ba1a085770404cbbe2d7ad6a91d8625eea08ca53ec515361206540b4304c3d80e6fccfa100421f196e9231ffe7e81812050dd824c6a41cdf2461c7d30b6d503e38442d7ca0d5848ca00fefc67ab27f864bf2e41e17ff17ae5a517e179f3e78c43372a609946ff72fa2a4e230c8cf3e7b1e5d7c24f5346269ec0e34baf863faff1a7aaf0e57b7f42c16fc91508bbec46ecdae4877df61938e49080236e29a6d6602cb309b3a507b1c726824a21108deb82514fb550bbca12742efe811df2beb50d052a6a334a6187e98f242094fed0ce80a3f44e4753ed5cf380279ad605e0301dfe112a8645281c768837b09042905a304a82fb662a69bb6a12227094d774f971344cb5304c18c846e30484728cc794612cb61423b1540c9105e80bca46bf02c5520db40e3aee630e3126c6a058433b9dbdd67c6e2100549bd0f8637bd45331d4282575a59be9a3d46e1769621017434130e8a2fa30016b3afc1e3ae12e3ae34e0584e9a01715c22214fef29e20708d35edb8050a03053af3bfe9e8091803054f829050b05c2b276b818031edd374cc02188ee0dde2d0cfef37ea9588e9881ccca6946236af1a8f1534e0784826f6dc65839607e8989c2208a7580cd3b90f713b6abaaea66182ea4030988ecec50cc1a0eeac737ccef1f8021c4f2ec61c9df51447f352119354148a3728f62030286b6931aea07db5ed5690fa6228fc67300c18a560d91f56d079873f26bc63719a9f733c9a2a203607a7e27231e61363b29706a872fab6f9a09b8e5d7105135fd8e28501a5a46e51205a6b2a10045bbd30a8e93202410bfc0f5029282bc94c1f6df342bfaea7c357cd82a691ba0882c54ae7451320fab6b8d2991310aba802b420cf2a2dd04fc72f231c645ada530a4110d0be8ad8b4ed5e694338d8101202039f2928703b44e531485532c451ffb8831f1502d5405802e68262a90ca22d4ac13702b334ed2b0369d62b0ce34efe18db2e2828186e8b3e1b57bcf5ecf3564ff0c97e5d82c2ffe2f593d3a761bb6429d5c09574fed79acc221f5a0041e0b1fc3a04731ba8d8c165d7f0fdb508152c2ebb9a90b80afe0484c765d7216cc95554128402e1104eb854dc678bfdce79d8b72316fb5d120d18c6d21a31577e087b1d62cd22ffb2fa35fea85fe587ba07bd50f163671498d617db91ff3d5be4d154b3504458a827929ae895dda5c5795c4d3652cdfd1ed84da818254045a06236059b0ff0fd01db280305a3180804339544b5d022c56013c5d13e1daa4f86993e1a4ba8c4705c9949559da082188b212ce24a30441b8e2ac470500efa08861e7f0b1c3a5c13e8e0b5ea9b540247ef9a5aa2e36f7ec0d52cc2a32924d52d68a5372dfadfaaec213a5da5b24a1574d204844e2b14f45ef50b9dee3af6172868df18f705841ededf4ba028ced0e51ecb6374723c6f02c7bc46f69fe1a040730f47f1a676c1aa260c08b4d5359a5292f1397d66cbe39ac62268f47ed43389237f8ef8630b319b588c3329e5e8b20fc5fe951ca9ea79eed118221406bde331e69f62a0301e9689c928c284aae0647c3166089211bf441e4fc3bce6f717c140873d114e30505d8cf9536d688d078146e9b13b2ca3fe0115b03929c6a054d7bf4061d1145390090a520c4354177d3b3992b757364e1a4e26e462362e1b0bf1b93811994525a03514fc31b823c04041f7a860ad8fa3e70193796431651d69caa8cf18f7b75129c894b26aef6739afe9a3edee060c9a4252cb6c03068ee84d4691a020754033a37e4241aa404ae082c9f15b15819936a275aa61de66473e6f277a0811c143d70a0626fec0ed806202eb1d082a0fd3d66241dd51098499c038cc0527608136cff7a6319e4f0401118969ef70422108e33b3ca916782fad67853d7e3f3e6ff5049fecd72528fc2f5ed3dd3da6d3a93747fa011af92fb56413b92eb9cc049083975800e1adcc241ef323003c972e4330af9172f0587e3d41701582f83e68e9b5bc7609f2beb30a2daed9d8e79888c35e1938e2918adef84acc951dc67e87383468019d6d1168de4c30d0b157aff046159d7c09d580b29172bf6b63ac84ca40301024b42dd7f491ec5e3754f3fada155e68d81068993a728cc741e704939ada42a7bf7f0701a0e3d629240b3c080c1d57619a4b027a83733148a530125f81519ae0302240d054e3a0292581a32f340f3dc159e809ca44a7778a094277a866c19e70e06775386a1a2b0cd5d6253f1beea662b8c71ebbd778e2d8ce303ae418b4bbf07ad511d0ba78afd68196b5130a1dee0904031db70b214067bb68520632b36f94013fcb95ea4150708931eb3028b0bc789df6bb35c5a47d730f47ff6e31060a7aaf69a6c573e63dafef2504fa3ce24de19b80d04340e9598a419880b55702c6f8bbc72373302d671e928e6ebb500ce9b9060a0918f6e1350a2cf39ca68d94d23a9f5088f9e4129cc9acc2644c2efae9f8c743d33015998db9987c9c4828c242741ea6a92ac6a91ab4a6c3a867ac51207df62a52a3b377b504a355c3a07e4526086d0d4c5bcc02830b5348520a3caf8ca2099f5842290f7304c33ca17092409a0a48c0c0ce00138be8b753415c207a09905e1b4b7dc27f3115b2c96c0904014200710a30f105f55eea550692350b497183cef58a2938991a03b5e03e4615d0b9c1898a81e7d6daa39d4edfacdb2ce72f6028b660550ada6aad066d7bb7aa5f13c14018a8d791a0a1a9a36e4d4909369b1cf97ddc31e11a601adfcd044463da4f168519da74600ce6088af950822194a0e0763230caac533dcadfa2aca5812d541a0feec45c4a3efefcd147566ff0c97d5d82c2ffe25515140e3b3a721f3af4203a7f5f8efe5d9771c4ffd92f23e486cf110657c26bc9e548fbe7db11f8b9afc0e7e62fd271dfc563cb09806b10c87b22088530eecb02f9acccafde8956bf42b4b8a5613feda06b0a3a228b71bcf2188e7aa4a166ad3f1ad5e86e7b24766d0ba7630f42391d7c399d7de11d76c8b1424119470281a0a0161852090242f9bdae28bfcf0d550f7aa2669d1ff6ec88c451d7641c724ec421272a13ee2b3df580940321243b44d3f49216ff39624ff54047dee14307179c633291c692ab309a528d91a44a8c2556622291ef69c349d5184c28c3406c3106a28b08126528f13eaa06652469e53705a035b574c8361475f739a1fe4704c3bd4ed8bdce1bc7ece9e8dde4f41597e0d62d9e8e3a81a37dee1b8b47976722babd928cb3171cba35ddc3e33d32b73874598f69bf53e77c92d0ed196f3946676eb95efb16eb350e9efb7c5e0fafd37ad1da37b10563540f3cdecfe70c06a46228280d235a4634200d43c1e9e8f34e348058b461cf040c05a662302c03e311540ebc66d84b8bedc4f01e6518259b857ea412a6154388d35451298ea757e0786e0dce14d4619690988ad04a72d918e5b533dc3f1ecbebe2789cc0992450260886112fd52e48b5845029849b5a873ec5159c42a924a82268da1a2330164dc70779ad894f100cda3f119bcbef5180b9a47ccca750ed4451b52885954091bae8a30ae99712a1ba589c8232ea41c1642b682cc0a1bab0e3350efe187225b076a89a9aaa423d94385a577f2353edbcd912786edfe88c0e7568dde2862ed377c9d5d44a746da1b3dfac867df6685b6b69672138b40b1e8b5058bd130336ee06364a6bed9562a0756eb42cead32587aeb5a49dfdcce23a53de11980d883115ccaa649eb3b6b898f6251cd4253528da80e178783c6603e331e5118641076ff46c75c6c806676e5df0f6337fb27a834feeeb1214feced7071fbc8fccf5db4cd6901f55829482d6672eba7f15ba02c21074f5678c62d0b1ec7b1ec0d49e3dd8139f8c8ec23cb810149e04433861124945114d2044d042796deaa7bf46a5908a26fb04ec72e4e8dd2515c7420a0d143afc72088540428130a035aa2d365543c3a61054100c057739228710c8f98e8da94f28fbb18b59d759a9ab6a96577aaf0b4ab81510ead6f8a26ebd3f9fe76b54c7413afe45c520301c754bc141a704ecb78fbd00862384c2316e8ff19a0eef74b47aa7a14b2d3062ca09866a8cca08831182619836925a8db1f45a737c900ac2a4b48616a033200b1d9ea91cfdab8f523c5a5de9b055a4b62302bb56b863d75a6fa87752abd676f0e4dfcc23c95827e1211074d071b7130aed72ea2a30f34931fb6d8a2d5881d12d3340b18041594a1ddafa25a38b8ede2806ebb98b4d2090695ff0e8f12684a8002cd0884537ad4fd33e74f4c32119180da7a38ec8c10847f92374ea23615918e277ea17405c63d04febf1e4b378cf003f7bc43f9940d073a814fc123144288c6805378efab5dadb2ca1b040282c64566021bf06a78b1bf168410316128ba936f2cdf492203216946a406102d0bcd7ac0217c0e779f1f394b2ea1ac1cf2614b494a893b6540d5630c88c8ab09a02d3aa801648d412a38fef6722d27122a508738904437211bf177f9b67a4297653caeba03b1da42b558f9e45e7af7a0901c1c430ac6ac20205c531a454fc31eccecfa253563d83d4442fe1d0433028f554f50b9d0ae26e758769a827405025681dea76755d2534bab7b89aeb3aa8045aa9028eacda8ea3ab6d8c8ad0349116f851b33c35d9d3e23e5d1ba9300885f60d76542c1e049a2fa144a7bed38b5008b2808050d0d698af620a16332d2f7cac53487e9198088cc5146131e61d82110265c8de07adeb77e277c3d3568ff0c97d5d82c2dff97aeee9a7e1f399afd0b9130a4b153c56cdc172c47df3bb68b67741d015b7f0fd1570e3f994dbef409eab171a523250e5ee835802c38bc7a30984b0655723964089a145f358c255b7a2716b38f638a662b782cd4e74ce7ed998ab388a5ec2a17ab53fea3787a1796b24ead787a0761d21b1299416826a3afadc1fda21ebdb5ac3d981207041d18f1c51f8237be4deb1c3404130a859ed438878a0e27e77d4102675ab7cb09bf71fd6f4119d7e0b4120381cf54835310d0305bb581c23a48e3ad391d39977786618781cf34c435f480186e3088624a903024130c8a8c5445aad05163c3e945081c1d8520c46130c9145060cad6e840f3fa78da6eeaa463d70dbed49754418b4d2a9b712046d828169b8976cb2998e7124dfce1179975f0a3ae980bb54c0e647c8f0581b9d71bb54015585511472ee72e8060a1ce5fba71847df41280812ff190a662a4afb520954037d7e5416de3ce6c563ee72f0f174ee291809c9c458642e26620a30114dc7ac517b3255534c1e47ff540dfc5efa5c290b290d4d35f5f37bf509469e51e8f58e271492314ce73ec491fe4828a1c0e7cdc615613eb90c27322a702a8f5028acc743450d78b8a811b3c9c5988ccec134d5c104ef19a23a98a0fa988da15a081728f83cbf040c100cfdeab5e41e8501773a7217b5eda0439603ff1b26280c6b8d680f5eeb18841e3af13102e6785231e6930a8dcdc4e7a2df37c64c4b8d7a10200482a6a514a056fca25f4df274ef4e554d2b3661510d828354836032c291b6e020a52030a84a5add59d5a5b5772721b1d3db2882f6f50e74ea5aa5cdd14c21b5a96d3755804c534b9d54125d0610ce68a302384c28b4aeb4251476a093f7a995771bd5c351c2a0639b0b060981819dfc2c02434571838ebe18f30a33ca60ceff22285c64828231bf28cc53354cf88461c2896ac7c9976a81e6c5dfed1e804709ee4f7a16d22528fc9dafdffffa575409d7c39ba37e6512f92e53b6d17244fdf3ed68d8e98cf02b6fa582b8d24023f95b3f427b753d7a77ef43936f0462afb1642c852fbb967615e20887783e2396c762965e87bab57e6871cec4de9d5acc3f19fbe878a74b0e6320ba1cd50a2eaf0f46f39608346d0e47fd86503af9008ef803b81f84dad5bec8a732c8517aaa94c31d7628bedb19950f78a08a56f9a0074aef733180a8bc8f5078c0d3d42fd4120cbb4c45b545314821b438c65131d0117ba471d44e074e481da67ad0f452ab573a0ef398da63747a65a027240f23491518cf6ac070563d86d36a08834a2a072a069ac0a06d7f4c09faa28ad01b51801e81812068e5e775100c52025204fd81d9e8f6cf304b83b6f27dbb55254839b411169d7e5428be54078441ab204085d0eec9113d8fc93a78bc830e58b608054d110904fd74d872f61d6e317f818194016d710aaa87e7fbe9b0bba528d4a3c82701bd1ce91bd52028f8a762342c1b9331851c45975325646320280d67f21a309352c673540dc1e9a6cee16228f4493950d1f4fa26a04f15cd7cbea69604043d639c8a632ab600b389a53891568953d9d578985010181e29df85478b9b31119b4728649beca451de3bc1cf9ae5b1718eecc7c3d23111aa35a613f939040fd582a99456861201d1eba2c67b9635171615834c456e23bcde14bc3986100a21666de9530985584828c04c32c1905a8c91c078aa0f3a7667dd1744e71a6c1c7e8f239d3ea120300cbb6b1a2a04dd8b70b082414a6254e72e82420761d065e34550485504d0817b50191006eb152cb6c4183a0984563af8360161b59dd91e5bb503c7d66a4a884e9eaa4266a69e78fed81a3bb46e70c051c517b494271db8da78b72b2b69a30386b6b999d6161352000482ec427754d308cf6217e0e0c76b146bf00dc30cef1b75f0c304bf6f97b32ffabd084582f08d975eb27a854fe6eb1214feced75447075c08019f255799d880524b7d965c86dafbb7a2daced5d42004d1d90b0afe575d87a3511cd55656a023351781cb6fe0b96504c14d84c095885b7a0592965cc3f7cb1141c834dce784fd6ed968b14da0934ec22eb7244c171cc060521d2ad6f8a3767d101a090441a17163281ad685a07e5520aaeef346351d7ce54a2f14d2e9e7dded84c2fbdd5045875f4e5550a48c2442422d302aef7523185c799ce75778f23e6fd45245ec1518088443aa5bb0aa8623ae74cc7e5968a31de5be8eab25f7110243e7dbddd3cce8df4c1f110683299518b202e1c27412df8f2c8221b280aa2707bdc1d9e80dcaa413a7e2708ea362b0c618bce9f07d528c421010a40cdae8f43b0252d141e7dbee9bcccfe4b5ae1afd6b7a87e7a80c744ccaa1c740436dc3f5dde8fce5ec69ed04c10015452f1d7ebb2b1da02b47ed3cdee6164da82cc220850e9bea837050669381061dbae2083d540d3d1cd90f70943e4c673c119b8ff9f40a9c4eafa6c2893653498f1635632cb110c311d918213c04814e3ebf4b7104de2fd808063d1cc96b5d857eaa9061059a39e29f88cda5e2c8e7a89c60a0ea389e5d85d3f9b578b8a0de2885276a0ef258b5892d4c132463848282cf338a39c415602a2617a3a12918f4550c24ca6204439f6ba481c2a017958367247a38caefa633537692e20b520a83848240a0fd5e7b42c32d02c7f95d4ea6956181df6136a900a32e6126b82c1868da482a6184a6e0b3fa2af510065361c9542c041ed5431f2164d65db0e539d529b88562404b6caabbaa8daf0956f73b112a3bd51c8fc736b87094af69238b421018dae8e4dbd7d8d204047b9adedb1300dc5f4558d03ad73a9855da3a6ddcd16e4bd04815d8699d0957aa0c5e4feb560dc426270c6ff7261482316582cc3198564c41534817c516fe8b51318cfb4661c2b4d78ec2a44b20baa96886dc08b28d76f8fdd894d52b7c325f97a0f077be7a1b9b4de651d0b2eb2d5020000485d82f7d0735ae3ec8f8d60f4d4fa38cdbbe86a47ffa22eee37ed8ed3f40fe9df71850842cbb0c11cbaf46d2d26b114f28245e80c252b31a598b7b0ef6d9c6d34127620f47e353d97b3191be0bd5eb0251bb36100d8441d3c630345129c81ad606a366a51f4ae8e8cb342db4d6df04a1ab56fb20e74776c89362f891252349a64236059d2bee733395d1350f7a19b550b7cad7aa180803c7048b5119a898ee98773ada8272cc22409dce849c8bbab96698c580ba78bc272ccfc40e0c1c922d0050e0592a61d1c692aa3116578a015edba522b7e02c82210b9d3ea9384625a0f518b4fe822aa28f38c698e9a2ee800c74d30976d009b6d1a19a2922aa03cbf490c5b4dfa178838c00e92114fa02e8e0b95d0482510a72fa3c6694828ed17a38a2d7823a461d4835f03a999976a2f5f2992650ad7dff648cd3f94fc7d2112714613aad1c8f14efa6d32ce3770fc554541e4e6754633abe886a2103837cf6002133a4e67bdc9a603521d1e711634c456c83ca420a4ac1584426ef2368928a31975282d9f4522c6457e274411da1d080472bf7e3b1b23d389e5a6aa69d864352713ca5142709a6d9f842aa860c3ae4248cfa25d0c9c7985e4a4a571d2680d4ce5b0df654e93cea4d38fa084a6aec67c95652ff2515c40d5325a89b6a37cf4d27e6e37466394ef03b8d7af11e8264902ac100c1d9124f1018461d0817aa8d31bf58cc44a8082f09237cfeb06704d581d63a56c09bcedf3908ddf696b4d731f708d39abb4bad2c0409d524687a8750d072a05a065423ff762a03a59c7670e4afa072871482b6540bc656db1214b638bc623b8ea9b6c1de0763ae41e8a34ae8e0f33aa80e0405d53d68a9cf2102689c509cf68db480c00a0463174f254931703b4945311b188753fc5d73c1f1fcde04e20e4f530d3deaa68eb7aea6fdc79f3ffce466215d82c2dff1faf0c30f91efe4619c7e1047fd21cb6e44009dbbe204e1b77d03a7ea1ae8a4b76033df17df710f5a22239179fb9d3839348a846f7f9f2a6109a2965e87f865d721910a236e89050a89844a04cf957d77230eb8e762df8e788ec413b0cf29199369cd982318347554bb2ac0806017a1206be67eed1a4d2105a27993601184ca073d5145475f4ae72f2bfeb1b34529fcd0de049ecdba0b540b5532eb3452dd0a1f34100a8a3b28f87cd88eced785a36a9ac06000413874fa65a32fbc08bd6185e8f0c9e4b144b4ba24a227201ba3b165a683aae20bb27142405d5565138bfb0915188f2dc56874b1510badde74d254073d7e19e8f249a3f3a5323141e264f407101a8199540e4906065dd658810924d316c1a0ad31ebbe02d23d04c8a0e6f703d30d0804061327e07e9baa99b93f1c9461394fe7dd4d1028f6a00c2463048180d027e373cd96364c80a8cfd1425a054ee4d5e14451131e29db47a79e8d23360118a15a399e586a8146641e46f81d94baaa29a4017e07a5a4aab5769f99f7e77bef785e936c328b46e9d815503ece11fa492a85133481e1445e351e2edf8b33c54d38935b83e904a9896233c5349bc8cfe1674ff1de49c265828a64844e7cc88d5070893415d443dc0eaa2d062160a68dbc223142273ee613cbebc2798c4ede956a822a61828e7c24208eca867f230f8244ce9f8e5fdb21424140b8603c3648204cf13927a2b230139e86b9c80ccc84a460945018a1031ef3883455d082c6987f1c863cc2d16de783f6cd2ea6806d40d3488481620466411e2df1b9962a6195ea1438ca270404060b1c76a07da50dda1fdc8e7681e0c16d38b672bb5977a18fca40534ffddb3dccd49282d3fddbddd0bfcdd5640af56c57f6918f81c20c47fe7381b17f0504135fe0fe5c8082ca9198f48bc4f188649c8c4ec309826ec2331c5afc67dcde17c3361e544e011875f5c7c05a27bc77f69cd53b7cf25e97a0f077bcde7ff75d047ffd7ba65db65a54042fbb01a1cb6f44089d7be00d9f4793bb37b2bff90378f3bcb2931a5dbcf16f671e41c9563bb8d1f1872c270c965f8be425372161c95504c355485d7a3d52ac5028f9e60a1cf6c8c36edb58ecdb1987038e1cfd25d4602e7f1f9a3685a16ea53f9ad687a29940a85f1b64a0b0cf26c65cbb7b6b38aa567aa3fc7e0f2a075fe4ff400a41750a54103f7631f50b17c040501830100a55f7f17ade53b7c2db80a17eb52ff6f2594709823642e1a894029d7f975b9a993aea08cd4737a1a0de4c82c651a778d3106f38a2d8acb9203048198cd394a22a338bf768cb637369b598232046c20b088374132f38ac023302a1870aa22f3407bd5408edeeaa84563d81523c13e8582f02c0c7588f31c51562d04d872fc72f5b540a520623c199461d1855e0aa797f0582ad40a01908080c56ebe7771ca08df8a6623444d33d05389e538387387a7fa4ba858a6117d553145ad6799a60f3424a192622724c9bee1e5742800a6190366c858280a0de4706143e0918e7e85ff50a63ca268acac13c55c0a9cc2a9cceadc5f1dc6a1c27808ee7d5f2731af16861038ea797f36f5a8899d87c8ed07330159a8129b5cbf0b316b4398641adba079dc2696184021d3f4dbd917aa80654d8a691bcc030ec4767ed9f40538535d5852bafb70bb0c22098f772eb4828c804028182cf1aa47a18a20239c9ef7c8630131066c3d331479b9623d5b3dcc331ec1d85c9d0644c87a5f177ab5bacda7cbba36fb3abb11e5a87150a3d520aeb1c0900cb82feca2c52dd41c72a5b0382f615360606471fdc6a8adefab7e81e071c5b41403c6883115b1fa3368ef03aa5b0aa8d46df36c266a707bf6f002608ba691f29056bfcc080405088c6346d9240980f49c0a9a8749c884cc1a46a19a87c667ca2304ea530e1e8cfcff0c490830fa6dc83d075df36bc387edcea1d3e79af4b50f83b5e5aa83fe8d35f35c1e260422160c9f5085c7a03a297dc88bc6ffc08390fac46c01537c07fc9729ebf0aa5dbed3079e030826efc14af5d8ad0659721eccacb90b0f466a45061a45c761d8170036d99c940caffe28f70d83d077be890f74829d0d977871763aef800f66c8f36d344260b694308d58402c349d8cfade20b756ba918e8d0a5129ad607a1e42e67e47f67070aefb047a9b563aa5a5e94100a8a2fa896412bb5a986c1049eeff744e34a1fec5a23f050796ce167a8c88ccebfc73f076d7e9926aed0e5918e6ecf0cb3d4a7620d6d26632815fd41b9188b2937aa60512d5c804282759b4c2864d5e37856236652aa31149a6b9c7fab4bbcc93eea2224fa79acd55329abb168778c4597430c7a784ecefe3f036051315c6c3d541472ecaa4530d34772ca84c158842563683038c300a393c735a52300a82f92da60c8fa651cf16bbd86451be4f719e27694509824b414685660f9644e1d1ee228fe277bda718290d0fa0c87b6f8d1c172d41e998b015f4d1b451b28f4bb5a8d401018a41afa05098f58c286cf0eb4806152d5cd8a1dc8d1aa8f12a1f010a1f34849334e705f3187392a91b9f802cca8908d5098d63d540a235e71a65e6140abc7110c1628d004053a706d471c5573106cd667e8d2f4917f3c7f4f16ff3e69042015853290089431b5cc700982da671ba5608581818b6a1578ef741047d36a8d11938d85d86ccc733b179589a98854cc466570b49d41e025507d502904f0efec1262fa250d2a40bdc3dbd42b2805b55381636ebb04850d8e74f8040395428780a06922024176e4812d66caa87f8b2b95868b49493d76ff569e23141ed8c651bcaaa6dd4d3692da64a8d19e5112366e54368198f28ec45c501ce68313301d1887492a04c1403645009c8c4cc599e80c9ee7df848098a2629ad3d498a0e01162b29046f9bd87ecbd31e34ac052c93c9e5d66f50e9fbcd72528fc1daf274e9c84f7e5ca2ee2a89f500824147ce8d443965c878c2f7e1b95ab3721fc8a9b4ca3bce42f7d0ba7ba07f0f0a3a771e2b153c8fce6f710c6e3e1bc27fdb25b9176d90d84c3d5540dd723955088e1b9accf7c07fb1cd3b09ba3f33d4e4938e09c84768ecc674a0f1210f128bbdf0bbbb6461a181c704c440347f475eb82b18beaa1696330ead70518b5d0bc29041574f445dfdd89422a86029a0adcd4f242b6a81a040aa905c51994a65affa0379a56f8a07e950f9a36079bf4d456c513a810daa81654f9ac69a32ebf6c1c7288471bbf47bb59423415ddfe5918082d3055ce8bd34817ab8589442dd05389e9ac3acc15ecc26c6e13a694c21a5b8a5e2a8423ce31a6cd768f8725f8bc58a7d0c6917cab33e14467bf184790a91641056d8bef17a1602960b38cf0bb0504aa05136708a66288e4e89dce576b2a689d05c1400e5fadb535efbf687a7fb10dfa5061703bc4ed1855c664641e66e28b713c45d3480d38d1d08227f7b59b58c2de55ae18e2736708a091c014d3ce62d033ce387fada360d6521018acaa41ef07787e586d2d5483c0efa9b453a59c4e2bf04c309cce6fa0d56336a30c338a3b50219c88cac3ac5263c3b308aa7482c5d20f6950c165670b0c8c621004e4d4ad50502d82b288947534e411896e3aea011f4dedc4604ccdfa1477d01a089a2e7208c22815c108ef3540d073948144204c7a45e3444c0e4ec4e51206eaae9a635a63a80afa747a294ea41619e530ea4fe74ba5703c92fb5221848ea98a76506612558316f2d132a017059a4d35f33a07b4d1e9b7addc8e563afe6354076ab7ad6537152f38f4e016b4523574acb431c0384a60a8ebaaa68c3a1eb445df1a6ba754aa857e1b77fe8e008c7b46d0f9c761363811736af71d9e8c19426b362491bf850a2f2289a0883255ce8b194a060a0a387b8662c2d91fe32a82b3f3c6844b0086089c767b0f7cf8f6db560ff1c97a5d82c2dff17a72e1b8294a0bd074d1926ba908ae47d8d21be1a58ca2af7d1f83491948bef5cb66fac8e78aeb10f6d9af23e58b5f47f6c6d588bbed0b8854b1da659f42eab21b09851b9144b0a4d252965c69a0907df397b0d73e094df6a9d8651b635a5e74879463a6f2280efaa49b00f3fe1df168dc126902cf750441f3d608346d0a37b186c6b5c1a8a59a68de1486ea95be28a0e32fa05228fa813d0abf6f478540d570a713ca7fec62d483620d653f76328aa1fa1e8b62a85be367fa201db48bc5eead6154214168b15187d244134368d3c23a81392600ddcaef7744750daec9e8243c7a827230a06eaa899526a6a0e92401615c26f5a0003441305bd88c53550769873045e5a080f2217564b5a32a704fc5e11d6ac2176d02d0ad1ca1b71108ad2e02836a06148ce6dfc54d535ada0a10f104803500cdfd0e82a4db3b014374d29a3a528ca19fa3f791d02cf4aa336950064668839a5222340c20b855f69131ed13028b364440c90679dd20013344304cc715e3644635e6a910a639823f5dbe070b195538cc51b88ad666e20af9d9a9844aa259fa7398cfd12a6dc38b90b0c2c1a8052a8821cf780cf3d9c3fc9e63a199988d2da4932dc6341dff5c52a9b1d984622ca4703fb1c8b4c15035f444a882cca9fc6e54097cd6a04b1441605508520b0e1a992ba6a0cca310aaa870e3a8c71553d01ad13bfdf9fdf83d744e4b76ba471052910618c3aee15695a029a4600cd3948aaae3c743d3705cdd546933d15408540c0f6596e3f17caaa78c72d326633e9ab088e46f8948e7b5d918f3a762708d309f2b20f4ecf486baaaf6a827d2564f82c1cd14ac75ac2318a816da56dae2e0035bd1aade45369e54076e685db50387a90a5a57d81ad335eddc1e7b60bb8189d6836e352d2ed4604f5020286cbd08a4208efea3e8f46331a1d801b7b304c442641a4e44a79be924a5ab4a359860b35110511782d0939ee118a37232abbaa9fec1857f07aa86fe35b678f1a1c7ac1ee293f5ba0485bfe3d55dd704173aef403a717f3a78ffa5372074a9b290ae40e4ad5f45e1e69d08bef63366ea289cc7946da4f8c3265ad892cb914210442bf368d9f548597603d2965e43285c45b570958142fa759fc1de9db1d8e79283bd7671d8b5330647bde81cea3ad0135b86aa557e5402aa460e41edc650346f0bc7aeed9168a27a68de1c81e60d61a85b1d885ddc57fd42d1dd74fc3f7230056d2577501dd08a0985222a84b2fbdca80e3c50728f6a175c514785a14236f53f521692a97ca662685e1f887d5bc24c3f2415b9757867a03720d7a4a5aafab995a66544359dd4e99381bef07c0c25a8a0ad1aa30915263d7522a5066334c51a66739a71ba8240a83e8cf98a03982bdc8dc9a44a3aeb745331dde991862384c3517b42c12986d0519d815a542471abf3dcf74aa1a5d2f952a1f0788f978e5155101a4a4d1d0cc9c17058360602d24c86518f270111908ef1f0dc0beffb7c53783edd5ca378433f1db2d9d254a4265b7c3fc4ef36e86379d640609a99869a492ac3646209c157c8d17cb919cdcf675661342a17a3ea7944a73e1a92693290fae9f0051415b6a943aafa1ec986080901428bed688a49c01a0bcf869ae94d50098c1162b279553a27f36f1a9e8389e81caa947c4cd0090b0c9a6e1af6938ae133f53904cc00c1a06ea926f388db1e2a873eb7283ae524aa11aa1f1f7e96b289b404a8433021a1d6df91a6f04ca9a97d3c3748380c6b0d07c261481943aa7a2620fab955505953453326953697aaa0048f11068fe4d7e26416d5535a314e24e5e3545281e9a57422211fa75309b88834b3fce704558654c39053a0e99124b5d0a976d9048396faecb5f136a9aa8241ef36770cd0f9aa05c6e1076d08859d2608ddb1ca8ecedf0eeddc9afd153b4c715b8f8d874947555573df26670cf0d9c38efe2615753628deacf9304975208530e51783192a86b9482d0c1483f9c058cc055249703b1364699837ab759c69ca5a9af00835601873f0e1df437f3f2a0702eac90347ad1ee293f5ba0485bfe3551f196f7a1e05d08907120a41cb5593701ded2a147dfb3e54acd906ff6b6e251454bbb00469dfbe030365b568a64c8dbcf653266e10bbf47224130e462d506da4f15a4141056c8957de82dd5a11cd3d978a211ebb1de271d02d077395c7d01d538602cdfdaf0944fdc6704b75f3b608737df33642418a614b38ea36841848d4725b7e1f9dfedd96ea66a5a52e5a21d5818051ac7a85159ea85ce78bc6adbc6f73b0a95da8a4090a8deb022cf105aa853d540d7b6d2371c49d0ed93f07c738a257719bb60282319eebf0e3083cb2c8125750211b95c108b713d98d04c03ecc151002dc9fcadf85f9b203385d730c278b5b3042e8b5d3f12a3e7154c573f63168d5529e5a8f81d6461898c67a6ac9ad4c25f551f24945079d793b9d6d27b783a139188b2a407f48169542327a3c12d1ebc52daddf3f1da311f9e8f5e3e8dd378d504845af3f811044c71d9c85016efbe8f07bd48e2240c0e075ea71e44ff0f09e1e2a0b39fc89987c0c47e4a09f2a6424824e39a6105384c3f1ac5a6e4b31935042a75e645489a69386b504a814839eeb4b40a855066d8800900d78d1917bc4d131a762924e7f5c30e3c8bf9f3644c530a820b26208540aa6704e750de159a63dc664940adf32f939540a7e5437aa3750661301a3fa842e8f08b47bd2a113045361e918d33582841b47ebbc6e441d561d42cdca6fa3deb1dc0f421f1583a9787609855a600cba132e74e2fd344d33a94beb141dfd1855c054421e4e6557e2e1bc1ab355a1db898c329cc9adc499ec329c4a2bc28914f574cac743d9e5a6a7d22c8132199860da726b8de8618740f4eff441e7764f1cdbec8276a5a97264dfadb614f6bec6c9ab49de91d53bd0be56b50a8a35d89b3a86d60bef05889d68db44a560eb6109326f70344df706f9ac31f7104b37d490444c0727603224c16c676953a189981514b86fb17863b321169b09b598620e135ee11857833ce7008c080a84cd00e13341b07cf4fe07562ff1c9795d82c2fff0fae8a38f50ece069d251fd39c20fe1483f64d94d960ea83cd668eb8cbef212f8110a6e7c1f74e54d983f358e9779ef6bb4fee6265ebb0409b4f4e55409cb6e2610ae433ac1a069a4b8254b114705b14bfd889481442034dbc7a1c5251333a587d11b5f85c207bca8160250a718c296483a7282804068d2d65824ea3785a281b0a8db1486ca07bc5176af3b9581130aa9188aee2414643f141c9c4cba6a3195421d9d7ff94a4f949882362f4b411b5542836a1ea8381ad705a269439081c65e3b8ee0e9b8cd0a71520a1e84829610754dbef0bed32713bde105a6a06d2ab719d3f9bb315bb81793394d18482c37750c02c36cd15e9cae3e8a9315873091d588eeb07c1cf548c6417d86837a2e5131100c4795a14430682aa99dcebecb2f8d6a25d3ecb771f4de17ac8ea4051809cb45b72a9b1557a082d0423c7d04890020e73f1a5588fe40428b80e8a74ae8a3f5d27ab4a5d3efe7c85ed64b3874d349f75025f41108c3e179188f2b2670724d4c42310aa5bc2a8b69848e7a3432970e918a28aec8ec4ba528a06d54877f0a86d50c8f0e5ec56f0306103c4e05a1a67b9ac29ae6f79ea58d725f55d09a72d234d230bf87ae1f574099ea41cf51305a3107f5411a094ac36060329f47d8d0e10fd0b9f7120cdd6a8ee74287ef1b4f90f0b38353d06b5d0e546b3e2f563c0fbb521d28f640676f6a18040502c114b229f6a0467854097a560fe130199161d67750b07b3aa908c7d34b713c832034cdf30880b4529ccea82014aaf070612dcee454e29496294d2fe17e154e6652f124f2b744a9fd771226a81a46a81806ec03d06b4b3010081d9ba8103638a38d80e8dae183a3eb1d38f257f75415b1d1b83515ce56285cfc5ef50a6d8a2970dbc567f46c21141cfc30a90c2201813645204cd0b49da66a98a0e39f8c4832e72c4615415b84c21481302d2804c660dc5b351d211871d6c244411870f647df0e37b3a0d05bbffda3f1139fa4d72528fc0fafb3afbe8298dbef320edf7ff97508a75357a0590be5e858b90bffe548cd44c8d29b60cbf7955b6d717a6e1a95f6fe684b2bc4af9efe3764dfbf1a213c97b7942a61e9cd04c27556a5a0023665205d83068eda05853d8e89682618f63bf23fa082fde84fa945d10af52ef2473da1a0b882a060c06035290629883a41617328aa57f8a2fc011f3a7e37d334af4040a05228bdc311253fd05a0b9655d9b4929b52594b95a6fa20a1b0c2db9816f3a95b4330ac094033e1a096db4ddb424d9fa4fd7631a67e6111066d0443bbda6270dbe195618ada3a39321f4babc54cde2e8ca6d76238d9d2fa6224a1c254394f6636609eb0385571180b252d184faf4357700ed54f180ed884a3958ae1b08ae99c2ccdf88ebac49bbe486d5400dd74ec1ae10f85d029d3696bd4af86799a4eeaf3d1b40f1d2a4d00d034511f61301445a54067ddc76b058445b380812a81db81e06c3af55c0391fea02c8c4516629c30192000ba35d2a7b31e22288c111c8384c9004132292044e5719fd0a13a103cfa785e95d4b27e290fc141d33dbc465d564d315c743ec6a92a14d31820cc94e534a4e92eaf448c5803dc6a87a1e0b62031c6fbc6a82214c4960df810041e31e8f5a453f7567a29eff74dc008bfeb84a0e219870efb50f43a84a3dfac4fad9617a1e8211cfa9cd5342f0c669d681f2a0582c004a3ad60b0543f7344ec1e83294248bd96a6e2f2309b548213e9e566a9d0d9d85c3afa422a82622a8352134f7848bd9b8aeaf070411d4eabd6228ba028a8c529c2e2786a11e6098699282aa090148cfbc6625060504b8cad5a67c18d0e9d8a61bd333af9be75a393e989d46605c0a2b5caa414ac53487a7f8c0aa17d8b258ba993aa414df7b432dc4c201dbb8060550917a0b0f85e0166a9069ad26967680a3ecb0493598121309610d32a74a184a9a040852328d8fba07b853d9e3b7ec6ea293e39af4b50f81f5eaf9c7d19bed77fc1a88280e5d7236cd98d84c275f05c76ada9682e5cb509dda96988baf6736641ff63fe11d81b12897bb8bf9ed69946a7139f69d442c6d2eb90b9f453dcde60944232c112cf6784735bb3c215473ca9140885268704ecb14bc568563386339b50c0d1bba0d0b03e0c0d9b22d0b00803d9168b356c0943edb6700385ba55fea85ce987e2fb3d51484550709783814289948216f7579aaa328f1ef030ed304ab85f4e65b108066d6b56faa07eb59f49556d141836059995e0f66c0b438b6da459fcdf543dbb70d42e3078a673f49e81765f1a47f3ea773498508e01da78b2a5666124ae1cfd0a48c797638a60982318a41a26f39a3196526dd66dd8cbcf39cce76b2ae90821d4c6cf687756e33c4b93bc56359a0ba4932514d4ffc8d2e622950e9e0e9fc77b6916a7af29218efcf97e808eb587ce5d509052181030acaa4160d056d70a0e9a6a1a8b2e446f4816baac534dc6d1d3e4e08dc9e9d37ab9af29a5213a77d5410cf25a1deba3e9bdae1118fafc92f9bd0815058839fa1fe33d03aabef657b11e2123930a51409bbf4936a07d1e9fe0f71ea2ba90d337534554070a5c2bb86c5400adc7ba1da27a180a494397b38ac5d4c02e828e5eeb53734b10f4d0f17719e7cf7d057d3da2304c85d1bf98c6eaa056da6aa4174a505121042661212617d35a8d2d2e1b13f1b998492c20d0d4ad952a89fb4629503948199c5197d7a25a3c2230a887535e35f7d5b2c3028953e96566f1a0592a8fa9e0648c120caa8fe8b3f545f76677741208edeb0883cdea5de484ae750ee850733c4260d12e56094629d08ea9b5c5660241d94b9b9cd16fe76b54c26c289d7e48323febbf4e1f4d86120651a9061a93540eda0a0673ca50b2dabc8e05c59940f4a8279582570846a91886dc8230e41cc4efe78c476af7583dc527e775090affc3eb8f4fff1ede57dc6a001070997a185d67b28f145b085c760d92befc3df85c7b93595467271dff6e274f4c36ec853bf7d516a33729058394d1660a69d95584c2a7693799b842d21235c7bb1c114b96a3fa3e471cf42ec01e0261977d0276ef4cc4706a13c6f2f6a0848e5950a8a652a8db1066620846255881b0d85a5bb09062a85d1d80aad5fe287bc01b259a46bacbd9328da4b45402a0e4c72e28e6b1c516190a3e0b12657caf467a060cb43a82a191aaa141aa617d00766d55015d30f66c0ac1beed11685110da3ece74519552d0fad2966d32dafdd2cde8bf3b2417831145188bd1823c84446411fa380a577b8cb1d41aa31a26b21a0c2494c5b4df361cfbb784e088566be3b3dbede2e8c812d0e11c8f0eaa05059d3bbce964e5d0e9d8fb04a0800c3add0c3a751ab72a8293c9c9772ba01c91fb172808061799006202cfdcefe608ddc41ac2b2d14165a0cf105ce4e87b09854593d317187ae8d887c208048ee88d92e0b57a9651078b50b05a1fcff7110ceaa1a4ceadb27e3e4bd3448a3d080c2304c8882f9f43d069c19e418efac70535024231082dfcdfaf6c23aa803ef57272a7b9455b525e5d2d7d95ba7df977a2d317100616a1e01c41471f8e5ec242c1e75e0242aaa15bedb33df80caa08814195d0237ce6283f47adb9a722a856557f102ba59083496e6712f331c3add4c25c423ee6920bb1c07fbf1553384d45f01001f090d6aa2e69c46304c223a54d78b48c964f58285b8b005186d2540415535012c6e8bc9506dbb3dd1b1deb5dd04a281cdb2228580bdad63b99c0f30528581583e20b5d048282cf8a3d28aed0c97bbab7ba63c83584237c8ba39f3640a0e327106452054a4d151ce6a3d2301d96628ecdd0a6ad81e83999c0c0fba7088571ff684cd2c67db43eb582f4fefc7bf963c8c60b53fcfeefbff5c94a4dbd0485ffe175667616fe977d1a5a24c7ffb21b4de19adfd2eb11a2f7cbaf81ebb2e51615b1f46a93a1147feb97f1d4cf7e8ee3c7e7d077a0057f78ee8f74e0eea656218dea2263d9a791bde426a4100aaa6e8e27142279aee24e5bb4f89660af43a22960dbb593ffe1c7d563aca405d51b4350fea02fcad707a35e50306a41100837d34806085613206ad605a26a8d6a177ce9e83d090157d341554166651d090a25540c0a46970a08f7baf13a99050caa5d308bf2acf042ed0a1fd3384f9d5c9b398a574b8d5d7cfe6ead08b735ccb2e03f47f4520d6a8d7154e6ca7dda51b7441c532aa98f46f0d9e80dcdc70001d11b9e8f6e9a3aa8aa81de786a2d26d3eb311c536aeedd4ff81ce4b3db76c4100ab166494f15b9b5b9d2e1290bc997c0314e5fce388b237139fc4c3aef8b4dce37c340a12f5ccdf8784ca37ee3e8ffab0d126226104da80c5085f419605800f0b7cc38762b14348dd44bc76f5a6c58ed3f4361d194d6da1fa8ef61b9ded29683fb563068f19e31da881f071354185ad067904a61514568c11ea5a1f6d099cb7a6574e4a64a9ab0d09452b7004018c804056dbb0407ed13149a3aead61412d540bf8fd68e88e2b363e8a0e9488352301b9e89e9884c8c73443fa665402333314f08181870a4afeca319be5f88cf376a6121b5d8c4194e6755e2e1825a9c21181e2d6ec0e3a58d78a46a2f1ea509103af730e1708a00998bcfc14418c1e3176fd66de8b50fe428df834ac011addbdcd0bec9159d1c89b713146deb1d0d102e4c21715f4df24ca1db2a4b8bed8e8d4ee8dee446d5e183513a6f0592353524276f1cbed574cc6c03e3b010958e19da14af31c1672b3874bdde2bce301546b5c1674da8f2db3d1ce3a68e43eb49786378bb2b0636bbe1fc0b2f5abdc527e375090affc36ba4a3030e4baeb0a4a22e934ab88ea3feeb8d62d0b29b71fff44dd4afdf8e985bfec9a80381a1cac303fff1eaeb38cbfbe7bbbacd14511c8f672efb14b297de822c53cd6c8182fa2069ade6e2ef6dc401df62ec754cba00858ef00acc541e41936d344aeff746f9ba20a314ead5ee828a6031ae208550b33914f5dbb8bf3d12b58448259582a6902a795fd93d5403ca4652e611a16002cd4a4f25084a0885629ed34a6e8b5028e335d50f78a256d348540c9a4ad29a0c520b8d342987c60d04039db714c37edb28b3cca7a694165b710b12b21687581cd2541047fbc7a820b4825b2f158196edec0dc9437f7801060807c51cc6e32ad0e39785c376d168e1b30f6db7d4301c13145487e0a156dbc9e8a2f3eef04b43a79cf84520e809fccbbec52c50e8d1e8fc63a060a6900801a9054d3fa993abe5daff060817b629965802a1a0f74a731510169dfddf8282e20e82829486a69b748f999ab29a9483018482c934c515d49ac314d7f924722b285031481d502508089a3ed27a0a7adfe5aab5abb59e02c140934ae87151a7d448f42965556d3654eca695e0a82a464214104fc6389581d4c14c683a66a3b231139985e9f00c4c100cca3c9a26184c2aaa96ea8ce3d61a57d0a23c9a4212144e6556e04c5e35ce14aa35473d1ea74278bc663f9e683880272a549ddd6054c4238a3d505dccc6646136281963beb1a6fd76af8d2fda347db4cd1d9daa5026201463300befac7730194766da68ad65f9ce23b463eb08070241b50a5aaf41856a9a369a0ee77343e231161c6f9cbc46ff66da4846673f1a1c87b9d80c7e072a21aa0a5d33116a893b4c2815952058884ec71cd584de8f794762cc2302a35421434e4118dde987013b2f1c59bb03cf1c7fd8e22c3e21af4b50f81f5ee3c75acd3490565a93f94a2968fa68e9b584c052943fb0098722a3e0779532922ee3f9cb4d6573d637efa4b37642d28d37238aef13975f8ed4e5b72077c92dc8e4fd29844cbc510a575ba070fb6ab4781798984233d542f30e8e90834a70bcaedda887e2fbbc51b13610b5eb424cfaa962078d8a25688d05c1808eb971670c6a6d2c41e83a82a16215a1f0800fc1e0650ad48ae8fc0beeb6a4a56a45b6f2073c50462bb8cbc9acc120c5a0f617158482da61e81e4d25090c558484b292ead7f8996df3a660933125dbbdc50a07da3e9b48ecdd11897dfc2e6ab9bd8fdf6b1fbfdfbe6de1dc0fc741d521b8249814d41e5f8ef203398a271c0622d47eba18835aa98de70edaf27904c361a5a83ac7a39d2a416db5156c6ef7225ce8c0d5544f2d32fa02e9f409816e42c14c215121c82c5348848246f2ff0d143405d5cde38a2b080c173292b89513d754901cfe857882d516a1d04fc73da08c2339f98b8060cc387e2b0c16b77f0505cb3d8b305804c2a229ee30aae0343f4bc5739a4ed214d290479c510626a6a029243a792df769e9c46a6daf4168a89a7a80aa4281686d4d6d048132ccf7eaac3a119c82293afdc930aa81903428a82c304c86a6612e220b736aa3a1f38483525ba7d4002f31dfa88589986c8221db328594548885b4129c545a6a4e154e17d49869a4874b1bf058dd7e3cd974d8c0e1d1aa5d38532ac5c073b955389942a0103613c149a6c3ea907d10da37b8a28350e8daee4175e04820482d38a35360d0dacd5a6741ea40d3499b9dd026db2060d8a3c7c60b937e319857bb8de8344c47f3b744245b1c3d95c184da582c82818e5ed347b3d1fc7c2dbdc9636304c558681c66235331afc2b6c81473ef58602c267da230e91106ade0a60ca4295b7f743b7ae1f0fa9df8b7fa4f56bdc22528fc0fafa385252656a025388338c2f7351d52af37eb347b6aa47ff3579173df1a045d7933a1710542e9f8a397df6ca694948d24e5104158642cbd09193c97b3e4264241bd8f1464564aead5061a65b7afc0219f02345325080a520ac7fc0b315fd78603ae6928b9c713e55a5c674d306a08852ab5b7d8124e1511c56b63d16c134d9540186c0d3341674d23d56d0846f59a00542a7b89ce5f53454574f8a6b88d201014aa56795b620d520e77bba2e26e41c1626526cea0cc24aa06b5d95efd971a06a9064d251938180bc11e826a2f3f5bc1e8bd84530b47f97b05037e977d04c79ecd41d8b32910fbb686e080d68a56ac40f50fbe9ab2a16a08ca457f701efafcb3cdea6c07088683b69166bfcd39116dae964579da3da916e8c055afa01a064d134931683aa957d348344d27690a4841e81e3a6d0b142e86419a31f39e10180ecaa2531648e8b49581c46bcd485ece9ccf30db8bcc80418e9b4e7e80ea424e7e71eae83f9b050eaa81505534af2748fab92fa7afe3437e1cad5b4dfd9386f96c0302da089f3f4288a8e19ea695c6d45dd53fd95208a7de49ea90ca63c381349d538612b7637cf638cd642cf1fd08af1be37d637cfeb8d926f2b949747a6ab141e7194840f0f7c82669d3216a72477540204831cca8232bc16096eb4c2ac05434d5046d2e36ef42c0f9649a452d9ccca75a28aac563e5540ad5fbf054e3213cd570104fd4eec76304c343540c0f131c67d4a69b50517c4141e711e750746ff144279d7b8f8db7994a12141480ee5cef82f675ce264555abb4698de78e4d4e38bace8e8a6107b46a9b82bf8a25cc68ea288c6a2132d9e2f863a87462142351119fd24ce9f8fde370323c0d33542be3bc47d098a1ba381e9b893942612a2491ea89d79ab802b7eaa2ea19666a1f465c09851d01e876f0329d5e4f50c17d92ea152e41e17f78d50447c2515020044208054f42410bf687d2997b2e5986d8af7c175d49c908fdec3f9beb4aee5e8d47674e61aeab1b43755538929b);

-- --------------------------------------------------------

--
-- Table structure for table `role`
--

CREATE TABLE `role` (
  `role_id` bigint(20) UNSIGNED NOT NULL,
  `role_name` varchar(255) COLLATE utf8mb4_unicode_ci NOT NULL,
  `created_at` timestamp NULL DEFAULT NULL,
  `updated_at` timestamp NULL DEFAULT NULL
) ENGINE=InnoDB DEFAULT CHARSET=utf8mb4 COLLATE=utf8mb4_unicode_ci;

--
-- Dumping data for table `role`
--

INSERT INTO `role` (`role_id`, `role_name`, `created_at`, `updated_at`) VALUES
(10001, 'superadmin', '2021-12-30 00:58:42', '2021-12-30 00:58:42'),
(10002, 'admin', '2021-12-30 00:58:42', '2021-12-30 00:58:42'),
(10003, 'inventory manager', '2021-12-30 00:58:42', '2021-12-30 00:58:42'),
(10004, 'order manager', '2021-12-30 00:58:42', '2021-12-30 00:58:42'),
(10005, 'Customer', '2021-12-30 00:58:42', '2021-12-30 00:58:42');

-- --------------------------------------------------------

--
-- Table structure for table `shippingmethod`
--

CREATE TABLE `shippingmethod` (
  `Shippingmethod_id` bigint(20) NOT NULL,
  `Shippingmethod` varchar(100) DEFAULT NULL,
  `cost` float DEFAULT NULL
) ENGINE=InnoDB DEFAULT CHARSET=utf8mb4;

-- --------------------------------------------------------

--
-- Table structure for table `tutorials_tbl`
--

CREATE TABLE `tutorials_tbl` (
  `tutorial_id` int(11) NOT NULL,
  `tutorial_title` varchar(100) NOT NULL,
  `tutorial_author` varchar(40) NOT NULL,
  `submission_date` date DEFAULT NULL
) ENGINE=InnoDB DEFAULT CHARSET=utf8mb4;

-- --------------------------------------------------------

--
-- Table structure for table `users`
--

CREATE TABLE `users` (
  `user_id` bigint(20) UNSIGNED NOT NULL,
  `firstname` varchar(255) COLLATE utf8mb4_unicode_ci NOT NULL,
  `lastname` varchar(255) COLLATE utf8mb4_unicode_ci NOT NULL,
  `email` varchar(255) COLLATE utf8mb4_unicode_ci DEFAULT NULL,
  `password` varchar(255) COLLATE utf8mb4_unicode_ci NOT NULL
) ENGINE=InnoDB DEFAULT CHARSET=utf8mb4 COLLATE=utf8mb4_unicode_ci;

--
-- Dumping data for table `users`
--

INSERT INTO `users` (`user_id`, `firstname`, `lastname`, `email`, `password`) VALUES
(1001, 'Admin', 'admin', 'theresa12@gmail.com', 'admin123');

--
-- Indexes for dumped tables
--

--
-- Indexes for table `category`
--
ALTER TABLE `category`
  ADD PRIMARY KEY (`category_id`);

--
-- Indexes for table `coupon`
--
ALTER TABLE `coupon`
  ADD PRIMARY KEY (`coupon_id`);

--
-- Indexes for table `customer`
--
ALTER TABLE `customer`
  ADD PRIMARY KEY (`customer_id`);

--
-- Indexes for table `customer_address`
--
ALTER TABLE `customer_address`
  ADD PRIMARY KEY (`address_id`),
  ADD KEY `fk_addresscustomerid` (`customer_id_fk`);

--
-- Indexes for table `customer_details`
--
ALTER TABLE `customer_details`
  ADD KEY `fk_customerid` (`customer_id_fk`);

--
-- Indexes for table `customer_order`
--
ALTER TABLE `customer_order`
  ADD PRIMARY KEY (`order_id`);

--
-- Indexes for table `employee`
--
ALTER TABLE `employee`
  ADD PRIMARY KEY (`emp_id`),
  ADD KEY `fk_roleid` (`role_id_pk_fk`);

--
-- Indexes for table `order_details`
--
ALTER TABLE `order_details`
  ADD PRIMARY KEY (`order_details_id`);

--
-- Indexes for table `payment`
--
ALTER TABLE `payment`
  ADD PRIMARY KEY (`payment_id`);

--
-- Indexes for table `product`
--
ALTER TABLE `product`
  ADD PRIMARY KEY (`product_id`);

--
-- Indexes for table `product_attributes_assoc`
--
ALTER TABLE `product_attributes_assoc`
  ADD KEY `fk_productid` (`product_id_fk`);

--
-- Indexes for table `product_image`
--
ALTER TABLE `product_image`
  ADD PRIMARY KEY (`product_id`);

--
-- Indexes for table `role`
--
ALTER TABLE `role`
  ADD PRIMARY KEY (`role_id`);

--
-- Indexes for table `shippingmethod`
--
ALTER TABLE `shippingmethod`
  ADD PRIMARY KEY (`Shippingmethod_id`);

--
-- Indexes for table `tutorials_tbl`
--
ALTER TABLE `tutorials_tbl`
  ADD PRIMARY KEY (`tutorial_id`);

--
-- Indexes for table `users`
--
ALTER TABLE `users`
  ADD PRIMARY KEY (`user_id`);

--
-- AUTO_INCREMENT for dumped tables
--

--
-- AUTO_INCREMENT for table `category`
--
ALTER TABLE `category`
  MODIFY `category_id` bigint(20) UNSIGNED NOT NULL AUTO_INCREMENT, AUTO_INCREMENT=7;

--
-- AUTO_INCREMENT for table `coupon`
--
ALTER TABLE `coupon`
  MODIFY `coupon_id` int(11) NOT NULL AUTO_INCREMENT, AUTO_INCREMENT=5;

--
-- AUTO_INCREMENT for table `customer`
--
ALTER TABLE `customer`
  MODIFY `customer_id` bigint(20) NOT NULL AUTO_INCREMENT, AUTO_INCREMENT=6;

--
-- AUTO_INCREMENT for table `customer_address`
--
ALTER TABLE `customer_address`
  MODIFY `address_id` bigint(20) NOT NULL AUTO_INCREMENT, AUTO_INCREMENT=5;

--
-- AUTO_INCREMENT for table `customer_details`
--
ALTER TABLE `customer_details`
  MODIFY `customer_id_fk` bigint(20) NOT NULL AUTO_INCREMENT, AUTO_INCREMENT=3;

--
-- AUTO_INCREMENT for table `customer_order`
--
ALTER TABLE `customer_order`
  MODIFY `order_id` bigint(20) NOT NULL AUTO_INCREMENT, AUTO_INCREMENT=2;

--
-- AUTO_INCREMENT for table `employee`
--
ALTER TABLE `employee`
  MODIFY `emp_id` bigint(20) NOT NULL AUTO_INCREMENT, AUTO_INCREMENT=6;

--
-- AUTO_INCREMENT for table `product`
--
ALTER TABLE `product`
  MODIFY `product_id` bigint(20) NOT NULL AUTO_INCREMENT, AUTO_INCREMENT=7;

--
-- AUTO_INCREMENT for table `product_image`
--
ALTER TABLE `product_image`
  MODIFY `product_id` bigint(20) NOT NULL AUTO_INCREMENT, AUTO_INCREMENT=2;

--
-- AUTO_INCREMENT for table `role`
--
ALTER TABLE `role`
  MODIFY `role_id` bigint(20) UNSIGNED NOT NULL AUTO_INCREMENT, AUTO_INCREMENT=10006;

--
-- AUTO_INCREMENT for table `tutorials_tbl`
--
ALTER TABLE `tutorials_tbl`
  MODIFY `tutorial_id` int(11) NOT NULL AUTO_INCREMENT;

--
-- AUTO_INCREMENT for table `users`
--
ALTER TABLE `users`
  MODIFY `user_id` bigint(20) UNSIGNED NOT NULL AUTO_INCREMENT, AUTO_INCREMENT=1002;

--
-- Constraints for dumped tables
--

--
-- Constraints for table `customer_address`
--
ALTER TABLE `customer_address`
  ADD CONSTRAINT `fk_addresscustomerid` FOREIGN KEY (`customer_id_fk`) REFERENCES `customer` (`customer_id`);

--
-- Constraints for table `customer_details`
--
ALTER TABLE `customer_details`
  ADD CONSTRAINT `fk_customerid` FOREIGN KEY (`customer_id_fk`) REFERENCES `customer` (`customer_id`);

--
-- Constraints for table `employee`
--
ALTER TABLE `employee`
  ADD CONSTRAINT `fk_roleid` FOREIGN KEY (`role_id_pk_fk`) REFERENCES `role` (`role_id`);

--
-- Constraints for table `product_attributes_assoc`
--
ALTER TABLE `product_attributes_assoc`
  ADD CONSTRAINT `fk_productid` FOREIGN KEY (`product_id_fk`) REFERENCES `product` (`product_id`);
COMMIT;

/*!40101 SET CHARACTER_SET_CLIENT=@OLD_CHARACTER_SET_CLIENT */;
/*!40101 SET CHARACTER_SET_RESULTS=@OLD_CHARACTER_SET_RESULTS */;
/*!40101 SET COLLATION_CONNECTION=@OLD_COLLATION_CONNECTION */;
